노신티를 팍팍네네 안전하다 이거지?,
찜빵닮은 똥들은찜빵,
미친 망아지 2마리가 날뛰고 한나라를 말아먹네 결국엔 외국으로 도망까지 빨리 잡아서 죄가있으면 죄값치르게하고 만약 못잡으면 여권.비자 말소시키고 한국에 옷들어오게 외국에서 불법체류자로 떠돌게해야됨 대통령도 20년지인라고 하는데 눈감고 귀막고 최순실 너무 믿어서 이꼴이 난건아닐까 최필녀 ~ 최순실 ~최서원 이름을 보통사람들은 평생가도 1번 바꿀가 말까하는데 최순실이는 이름을 세번이나 바꿀수 있는 지 한숨만 나오네 최순실 아버지 최태민이가 이모든사단의 원흉이다,
조선민주주의인민공화국이 딴 데 있는 게 아니었다... 진정 빨갱이 집단과 맞서는 대한민국 민주공화국이 맞냐?,
새누리당 놈들아 더 감싸봐라.,
애낳고 산후조리했나?애아빠는 또 어떤 늠 인지?참 실망스럽다그래놓고도 주둥이 살아있다고나불대냐?,
모자이크는 말한테 해줘라.말 불쌍하다,
"승마협회,삼성,kt여기도 조사해라",
정관계 유력한 정치인 아버지 자식인듯.딸을 보험삼아 마랴.,
승마협회란데가 최순실 꼬봉노릇 하는 곳인데 공문이 뭔 의미?.걍 제적처리하고 중졸로 만들어,
애낳기 바빳을건데 학교갈 시간이 어딨어.,
귀신이 안잡아가나??!!!,
역시 학교는 필요가 없군,
부모 능력있어 도망자 신세 됐네 좋겠다,
말농장 이나해라. 이제 말이나키우고.말밥이나주면서 검정고시보면되겟구만.,
독일가서 거시기 보여줄라고 갔지,
근친아닐까????멍청한 정도가 너무심해,
최순실이 재산형성 과정을 추적해라 정윤회까지도...박정희에게 세뇌당한 망령들아 제발저승으로 빨리가라,
그게 뭔짓들인지?온통 나라가 말이 아니구먼~~/,
인생 참 지져분하게 사냐.....,
중학교도 까봐라. 국졸일 수도 있다,
이런게 서민 울리는 거야 이것들아적어도 공평은 해야 서민들도 경쟁에서 이기지적어도 선수가 시합장에는 나와야 이기고 지는거지나쁜놈들,
따지고보면 중졸 이네??ㅎㅎㅎㅎㅎㅎㅎㅎㅎㅎㅎㅎㅎㅎOOO,
더럽다 이나라 꼬라지가,
학교끝나고 벌리면 되지뭘그리 허벌나게 허벌버렸데 깔깔깔,
까도 까도 계속 더러운 꾸중물만 나오네,
타라는 말은 안타고 엄한놈만 탔네그려,
ㅋㅋ 요즘 대세가 승마라는데 모든게 용서되는 승마 ㅋㅋ,
《대한민국》이라면..고등학교 자퇴처리해라~!!,
"하지만 1,2학년 때 상황은 조사하지 않았다”고 말했다.",
아니 정식으로 얼굴 다 까야지..선수협회들어가면 얼굴 다 나오는데요??? 신문사들도 겉핥기 그만하고 본론으로 파헤치세요,
꼭 승마협회도 수사해라!,
정유라 애가 지금1살...남자는 동갑이든가??1살 많던가..그 집안도 지금 쉬쉬한다는데..한몫 잡으려고,
지나가는 여대생을 붙잡아 놓고 .... 대령 중령 소령은 ...... 불쌍하다 이등병은 쭈쭈바 껍데기,
좋겠다 저리 살아도 돼고 저리 살고 욕 먹어도 우리 보다 잘 살잖아 우리 끼리 ㅂㄷㅂㄷ 해보니 뭐하나,
학교다니던 중에 임신과 출산이 확실하다면공결도 무효고 고교졸업도 무효고 이대입학도 무효처리 아닌가?,
고등학교도 제대로 안다닌 애가대통령 연설문 수정한겨? 헐,
이건 금수저도 아니고 공주마마 ?,
상왕 순실이....,
이래서 뒤가 든든해야쥐 살~~~맛 나는겨 뒤를 키워라 뒤를 부모 원망도 쫌 하고ㅎㅎㅎㅎ 기상청 날씨 자~알 맞쳤네 출근 하는것들 어디서 쾅쾅쾅 소리가 들린다 들려 빗길 교오통 사고 소리 오늘도 저승길 번호표는 만원이구나 ㅗ ㅗ ㅗ ㅗ ㅗ,
그렇게 애지중지 극성맞고 돈처발라사 키우면 뭐해 고졸인 폰팔이에게 결혼했는데,
그렇게 따지면 일부 연예인들은 죄다 범법자겠다ㅋㅋ 아이유나 수지부터 조사해볼까?,
"간만에 걸레가 기사다운 기사를 썼네.. ㅎㅎ 하긴 정부나 대통령 흠집내는 기사쓰는건 한걸레,경향이 최고긴하지.. 암튼 순실이 사건은 하나 틀리지말고 잡아죠졌음... 애비징역100년, 애미 사형, 딸년 이슬람 성노예..",
개ㄱㅏㅌ으ㄴㄴㅕㄴ드ㄹ!!!!!!!!,
그네가 개헌을 꺼내들었다 ㅋㅋ,
황제의딸이구먼...세상에나,
근데 연예인도 이렇지않음???촬영하러간다고 학교 한두달 빠지고,
어쩐지 맞춤법이 다 틀리더라,
이런애도 있네... 딱히 내가 권력이 있어도 굳이 저렇게까지 하고 싶진 않을것 같은데 정말 특이한 애다.,
애나 부모나 다 똑같은것들이고 제 2의 최순실 나올뻔했구만,
이해가 안되는게 그냥 딸내미 학교 보내면 되지 간단한거 아닌가 왜 교장한테 거칠게 항의해? ㅋㅋㅋ바보네,
이뇬이거 공부도 못한 일자무식이네ㅋㅋㅋ 순전히 백으로 이대감? 승마입상도 빽?,
"이런애도 이렇듯 제멋대로 사는데,,,뭐 그 윗대가린 안까발려져서 그렇지 더하겠지?",
드라마나 영화에서 나오는 안하무인 재벌들 얘기가 딱히 과장된것도 아닌가보다. 더한 쓰레기가 존재하는 걸 보면.....어차피 학교 따위 다니지 않아도 얼마든지 잘먹고 잘 살았을 텐데...아무리황금 수저라도 간판은 필요했나부다!! 차라리 당당하게 기부입학을 하지...뭐 되도않는 스포츠인 행세인지...!!! 차라리 학교를 하나 세우지 그랬냐!!,
최순실 대통령님의 딸이라 그런지 인생쉽네여 부럽ㅎㅎ,
친구..는..있나....?,
맞춤법 다 틀리던 이유가 있었...,
얼굴이미 다아는데 걍 오픈해라 졸못이던데,
10억짜리 말타면 사실상 아무나 상탄다네요.,
"유명 심판진왈 ""말위에 얹혀가는수준""",
어딘가에서 말을타고있을 니에게 ? 말이좀 크긴크지?,
애초에 승마라는 운동이 말이 90%라잖아,
저런 건 지금이라도 중졸로 처리되야지. 나라가 개판,
말을 쳐바꾼다고 니성적이 나아질까 ㅋ 그위에 탄 니 잘못이지 ㅋ,
말 안타고 남자를 탔군,
"고딩이 그짓해서 애낳고, 승마연습 한다고 뻥치고 출석. 대학교 들어와서는 학점.. 받아낸 케이스네!",
눈은 왜 모자이크처리하냐,
안나간게 아니라 나가고 싶어도 못나갔겠지 배가 불러서,
체..나자격증하나따서 취업할라고 9개월동안 눈핏줄터져가면 공부하는대..쟤는 이대에들어가고.탱자탱자놀고 어린게 임신도하고...부모한테 고마운줄알고 살아야지...ㅉㅉㅉ 너땜에 니부모 인생종쳤어 이것아,
와근데 특혜고 부모덕 금수저 떠나서 ... 지 부모가 자길위해서 저렇게나 잘가르치고 부족한게 없는데 임심에 낙태에.. 학교 빠지고.. 머리나빠서 비리로 학교가고.. 어휴 부모속 엄청썩이네 거기다 지땜에 부모는지금 인생 망하고.. ㅉㅉ 나라면 진자 열심히 살텐데 배가 처불럿네 재는,
아따.싹뿌리뽑아라.,
출석일수 일년 195일 정도로 알고 있는데 황금수저네. 그러고도 졸업했고 이대 입학?,
정유라년 최순실년 머리끄댕이잡아와라!계좌동결시키고!돈과부동산은 압수하고국고로환수해라!징역은 무기징역으로다가 필수로해라,
"적당히 해야되는데 너무 대놓고 학교 빼먹어, 선생들한테 성질부려, 또 sns에다 지.랄대... 이러니까 네가 욕 안 먹게 생겼냐 어휴",
"축구, 야구, 농구, 씨름, 승마 등등 체육특기자는 운동하는 게 출석이다.. 당연한 걸 가지고 뭔 잘못이라고 트집 잡나?? 이상한 기자 ㅅ끼네...",
진짜 욕을 한바가지해주고싶다.박ㄱㅎ.최ㅅㅅ.정ㅇㄹ이 쓰레기통에 쳐넣을것들아~~~,
얼굴 공개해라누굴 닮았는지 보자혹시?,
그나마도 운동은 말이함ㅋㅋㅋㅋㅋㅋㅋ,
대단하다 권력자네 ㅋ,
최 대통령 딸이네 ㅎㅎ,
나도 학교가기싫다 나는 지각해서 무단으로 그이면 대학못가고 131일 출석안한 맞춤법도 거지같은애는 이화여대가네? 진짜 이제는 부모도 돈도 능력이라는말에 굴복되기 시작한다 나 아직 고등학생인데..,
새누리당이 문제다 ㅋㅋ 정유라 최순실 박근혜 인간 폐기물 녀석들,
머리가 텅 비었겠네 ㅡㅡ;;;;,
봄 여름 겨울방학 합치면 몇칠나 수업을 했다는거야..,
여기서 팩트는 유라 말안장위에 돌출장비 유무와 유라 승마 바지가랑이가 오픈 구조였냐는거다. 두개가 다 해당한다면 당장 구속해야된다.,
역시 승마는 돈과 인맥이 있어야 가능한 스포츠라는걸 다시금 깨닫는다.. 열심히 하는 선수들은 응원해주고 싶지만 이렇게 스포츠계에도 먹칠하는 몇몇 선수들보면 안타갑다,
돈도실력이라더니 그ㅤㅁㅏㅀ은돈 쳐발라도 무식은어떻게못햇나보네 남의부모 탓하지말고세상더럽게 살아온 네부모원망해라 나중에네자식들도 너원망하겟지만..,
얘자식 나중에커서 존속살인하는 그런아이가 됐음 좋게떠용,
518도 제대로 수사하자 역사 바로 세워야지,
"진짜 쓰레기구나 너, 못생긴데다 인성은 더 못생긴..",
승마협회공결?ㅋㅋㅋㅋ아니 거기가교육기관도아니고 왜승인해줘야되는데? 나도 그럼 우리집공결로해서 안갈래,
말안장 밑에 돌출 장비 깔고 흥분해서 고교 131결석했다면 사형감이다. 공문 덕에 공결은 애교수준이다!!! 순실이는 딸 관리좀 해라.,
말안장밑에 돌출 장비 깔았다면 반칙이다. 여자가 말야...그러면 안되다.,
저년은 말만 타도 임신하나? 하여튼 개판이다,
131결석하고도 졸업이 가능하다니 개한민국은 역시 권력의 개다,
민심이 천심이다 닭년들아,
딱봐도 재적감인데....수사 제대로 안하냐,
인터넷 기사나 블로그에 정유라가 페북에 썼던 글 캡쳐한게 있는데 맞춤법이랑 띄어쓰기가 가관임ㅋㅋㅋㅋㅋ 이제 진실을밝히고 자해요 우리아기는너무소중한존재엇으니가요 절대지울수업어요,
병신들 얘만 족치냐!!!연예인들 운동선수들 똑같다눈에보이는거만 쫓으니 개돼지라고 듣지!!,
괜히 찍었네...후회합니다..1표.,
왜정운호는 사진이 공개되는데 정유라는 계속모자이크냐,
일반학생들은 아파도 병원가서 확인서받고 조퇴 안되게 하려고 보건실에 누워있는데 누군 131결석에 고등학교 졸업에 명문 이대에 여기 관련된것들 죄다 처벌해라 교육은 공공제지 개인을 위한 사유제가 되서는 안된다,
잘 ..논..다....,
그데 요년은 왜 모자이크야 어차피 얼굴다 팔렸구만 돈많으니 20살부터 펑펑 나아서 국가에 기여하려는 효녀인데왜 가려?,
결국 결과만 좋아서 학교 명예 따주면 되지 어디서 Gral들이아~ 라는 마인드군....이런 대한민국에서 뭘 기대하리~,
"저 ㅅ ㅆ ㅅ ㅆ ㅂ ㅈ ㅇ ㄷ ㅇ ㄸ ㄲ ㅌ ㅋ ㅊ ㄴ은 도대체 어디에서 뭐 해 쳐먹고 다니냐? ㅋㅋㅋㅋㅋㅋㅋㅋㅋㅋㅋㅋㅋㅋㅋㅋㅋㅋㅋㅋㅋㅋ 하여간 저 새끼는 세간의 여론에 지가 쫄려서 자살하던지, 아니면 길 가다가 남이 휘두른 칼에 찔리거나 번호판 없는 차량에 치이던지, 혹은 그런 차량에 깔리는 방법으로 비참한 최후를 맞이하게 될 것이다",
참 끝내주는 나라다 그냥 싹 다 엎고 잡아다가 머리에 총알 박고싶다,
그러니까 제가 대통령하겠다는거 아닙니까.....어르신들.....좀 정신들 좀 차리세요....,
대한민국 이라는 한국가가 최순실이라는 한기집에 손아귀에 놀아나는구나,
고3때 이미 애새끼 뱃으니 학교 나오겠지....ㅎㅎ,
저 十 새끼 독일에서 맨날 十 질이나 하고 댕기는거 아이가? ㅋㅋㅋㅋㅋㅋㅋㅋㅋㅋㅋㅋㅋㅋㅋㅋㅋㅋㅋㅋㅋㅋ,
대부분 다들 정유라 최순실 욕하고 있지만 .. 본인들도 저 다이아몬드줄 타고 태어났다면 그냥 저들처럼 마냥 신나고 겁대가리 없이 즐기고 살았을 거면서 여기선 다들 질투만 싸지르네 .. 게중에 사생활 아닌 부조리한 부분만 짚고 고쳐야겠다고 말하는 정상적인 사람들은 빼구,
구기종목처럼 여럿이 합을 맞추는 종목은 합숙이 길지만 그래도 저정도는 아닌걸로 안다. 자든 뭐하든 출석은 한다. 근데 승마는 합숙이 중요한 종목도 아니고 말이 안되는것같음. 명확히 밝히길 바람.,
"1년 365일에서 공휴일, 국경일 빼고 겨울방학, 여름방학, 봄방학 빼고 131일 결석이면 ㅁㅕㅊ일이나 나왔다는 거야? 조퇴 일수도 조사해보면 종례 참석은 하루도 안될 수도 있다.",
얘는 다이아몬드 수저네,
친구도 없겠네....ㅉ,
이대생들 오늘도 돈 벌러 미아리 갑니다.,
우리반에도 예체능하는 애가 있는데 적어도 결석은 하지 않습니다 그런데 131일결석? 웃기시네,
하나의 일개 인간에게 이렇게 시간을 투자해 머하나 싶다. 뿌린대로 거둬 들인다고 이 세상에서 저러고 살면 다음생에 바퀴벌레로 태어나겠지 뭐,
지가대통령이네요...ㅋ대한민국을어케보면저딴일들이...앙반집에있는개도지가양반인줄안다고하더니..ㅋㅋ,
박근혜게이트 어찌 될지 궁금하네...국민행복시대를 열겠습니다?? 진짜 부끄러운 줄 알아라...,
대한민국이 그런 나라지 뭐 원래부터,
끝이보이지않음. 이명박그네순실 꼬리에꼬리를물고 나라망신 헬조선만든 위인들이시네,
어차피 예전 승마 금메달 리스트면 어느정도 얼굴이 알려지지 않았나 새삼 모자이크 처리를. 할필요가 있나??예전기사 찾아보면 사진 나올텐데...공개되야 괜찮은 인격을 가진 중상층 집안이 저런 며느리감을 기피하지....는 않을려나 엄마가 돈많아서...쩝,
박그네 넌 거짓말 말고 할수 있는게 뭐니? 아 또 있다 수첩 없으면 아무것도 할 수 없는 공주..양말 하나라도 빨수 있니? 순실이 학교 (교도소) 입학 시키고 딸(정유라)도 엄마 있는 학교(청주교도소)로 전학시켜..설마 이대 졸업 =꿈도 꾸지마 ㅋ,
모녀가빨리커밍아웃하는일이나은일같은,
부모 잘 만나서 저렇게 사는거보면 부럽기도 하지만 ..,
고딩때 애를 낳은 애구나.. 지금 대학생인데 애는 지웠나?,
이넌ge가튼 녀언 말과 디비자그라 그짓도하고,
상식이 통하는 사회에서 살고싶다..,
이런 년들을 입국금지해야지,
돈도실력이라던 이 싹퉁바가지는 지금 어디숨어있나~~~???,
니 개돼지들이 암만 짖어도 변하는건없어 ^오^,
대가리는 그네 닮았을테니 빠가는 확실한가보다,
열심히 짖어 봐야 뭐하겠노. 욕조에서 와인 마시며 히히득 거릴텐데. 대비마마를 누가 건드릴까?,
학교 주5일 출석 이고 방학때 하고 공휴일 더하면학교에 안간거네~,
학교 주5일 출석 이고 방학때 하고 공휴일 더하면학교에 안간거네~,
도대체 이년은 뭐하는 년이냐? 양심이랑 도덕은 엿바꿔 먹은 년,
나 골 비었소 자랑 하고 다니더니 어디 숨었냐 이 여잔,
이제보니 개발랑녀네 고삼때 애가지고 대학가서 애낳고 자식 참 잘키웠다,
자꾸 김연아랑 비교하는데 일단 재능의 차이가 현저하구요^^ 승마는 살아있는 동물과 함께 호흡 맞추는 스포츠라 아무리 오래 훈련한다해도 하루에 네 시간이 최대예요. 것도 한마리로는 절대 불가능하고요. 말을 바꿔타고 연습하던가 아님 오전 오후로 두번씩 나눠타던가. 말이 지치면 기수도 위험하고 성적자체가 안나오니까요. 게다가 그냥 일반 승용마가 아니고 몇십억대 혈통마면 얼마나 조심하고 아껴줘야하는데 미쳤다고 몇시간씩 돌릴까요? 게다가 한국에선 비인기종목이라 승마대회가 거의 없습니다. 저 여자 해외 대회에서 입상한 전적은 있답니까?,
유라 동영상 나오면 히트 치겠다.,
모자이크처리 안한 사진이 깔렸는데 새삼 ...,
"""돈도 실력이야. 니네 부모를 원망해"" 얼마나 자신이 못났으면 이제 누가 부모를 원망하고 있을까?",
배불러오니까 학교못가지,
"이런다고 이 친구의 이대입학이 취소되는 것도, 퇴학되는 것도 아니고 시간 흘러 잠잠해지면 졸업해서 이대 나온 여자되는거 아님? 참 답답한 현실이요.",
참 이해가 않된다 131일이나 결석한 학생에게 수시를 합격시킨 이대의 합격조건은 도데체 무엇인가 돈있고 빽있으면 갈수있는게 수시제도인가 수시제도 다시한번 생각해봐야한다,
"인생 진짜 편하고 고오급지고 우아하게 산다 부럽다. 진짜로, 다음 인생엔 정유라로 태어나고 싶다 그럼 지금하곤 딴판이니까",
집안 멋지네 아빠는 아내 친구랑 놀아나고 아 장인 여자였나? 그리고 딸내미는 미성년자인데. 임신하고 이거 영화로 만들면 히트치겠네,
머리가 텅비었을텐데 대학입학이라니....,
대한국 여제 최순실폐하니뮤 ㅠㅠ,
아 개가 누군데 자꾸 떠들어대 조선반도 그냥 한국인 권력자 딸하나 가지고,
구역질이 난다. 일본군장교딸은 사무라이 딸답게 활ㅂ하라.,
미쳤어 모자이크 빼라. 저런 것은 모자이크 해줄 필요가 없다.,
역시나 대한민국은 돈과 권력 빽만있으면되유...부모는 자식에게 그러겠쥬..언론은 잠시만 지나면 조용해진다...그다음은 지들세상..언제나 모든게 그랬듯이..,
거참 뉘집자식인지 이쁘기도 하'유라'ㅡㅡ,
승마에~떡에~금메달에~임신에~출산에~진짜능력자년인걸~니애미가 훌륭하게키웠구만ㅋ,
눈은 왜가려 십 알,
작두로 손발.....잘러부러라.....에미 딸래미 둘 다~~~~~~,
최순실이랑 똑같이 생겼던데? 눈 축 쳐지고 얼굴 넙대대 영락없는 옥떨매 무수리 주제에 공주님이라니까 기분 좋다고?,
박근혜를 뽑았니 최순실을 뽑았니 대단해 ~~,
버림받은 미혼모인가요? 애를 왜 혼자키워?,
저런 니즈가리ㅤㅆㅣㅍ빠빠는 말 ㅤㅈㅝㄷ을 잘라서 냉동시켜놨다가 그걸로 마빡을 연신 조져버려야지~ ㅋㅋ,
세상 거칠것이 없네..온 나라의 절차 제도가 이 모녀의 뜻대로 바뀌고 모든 관련자가 납작 업드려 충성을 다한걸 보면 이 모녀는 사람이 아닌 신(GOD) 그 자체였던것이다.,
그 애미애비에 그 딸ㅎ 주어생략했어요 판사님^^,
이거 아동학대 아님?,
헬조선이라는 단어도 실례다 조선도 지금처럼 미개하지는 않았다 여기는 그냥 헬이다,
"박원순이 아들이나 뒤집시다. 거도 엉망진창이더구만. 아빠인 서울시장빽으로 막고 ,덮고 있더만",
세달학교 안나오면 퇴학아니던가요? 같은반애가 학교안나와서 담임선생님께서 퇴학 안시키려고 엄청노력하셨던 기억 나네요.근데 쟨 뭘까,
얜 금수저 다이아수저도 아니네ㅋㅋ 핵수저냐?,
스포츠하는친구들은 출석안하는데..,
참 여기 댓글보면 좌빨들의 영혼이 불쌍타. 어린엄마 잡아먹으려 덤비는 이리떼 같군. 인간성 한번 더럽다. 좌빨들 먹어라! 자~~~퉤!!!!,
돈있는 부모도 스펙이라했었나 정유라가?ㅋㅋㅋ 정도껏 뻔뻔해야지. 이대총장 사퇴하면 꼬리자르기로 끝날줄알았어요? 최순실 정유라 이번에 의혹들 싹다 밝혀내야죠.,
"국회의원 자녀들 학사관리,군입대 다 뒤집시다. 엉망 나올걸요?",
96년생이야? 내가 93인데 나보다 어려?,
신의딸납셨구나....엄마나 딸이나 암튼 대~~~박!!!!,
역겹다나라꼬라지...,
정유라가 최순실의 딸이기는 한건가? 과연 엄마가 최순실일까?,
무식한 이유가 있었군.....,
어이구 등신들아 우리마라 체육으로 진학하는 고딩들 전체 조사해봐라...어떤지....당장 김연아 고딩때 조사해봐하....,
최순실보다 박근혜닮았네 어린나이 출산한거까지 엄마닮았네,
페이스 다 까였음...ufo질은 왜햐...,
"돈없다는 박시장 딸은 스위스유학중, 아들은 영극에서 행방불명.... 노무현 아들딸도 외국서 호위호식....그 뒷돈 누가다 대줬을지 궁금하지 않냐?? 좌우를 떠나서 원래 정치인들 주변은 다 썩은거다.",
유전무죄 무전유죄 본인입으로도했다잖니....... 욕은하면서도 솔까부럽다.........,
"정유라시 애국자구먼. 금메달따서 나라에 도움돼,요즘 30 넘어도 시집도 안가고 아기도 안낳고 히스테리만 부리는데, 일찌감치 아기낳아 인구 늘려줘 좋은일도 많이 하누먼. 욕도 좀 적당히들 하시게나. 애놓고 몸조리도 못하고 ㅤㅉㅗㅈ겨다느누만. 그 갓난애긴 무슨죄요, 요람에서 조용히지내야 할아기를 짐승사냥하듯 모는 언론인 기자들 인간이 아니고 늑대로 보이더만",
부럽다.......,
니들 노무현이 뒷돈받고 아들딸 호위호식한거 다 잊었구나ㅋㅋㅋㅋㅋㅋㅋㅋ,
2번째 게임팁유병언 보다 위에 보스입니다.조심히 미션 진행하세요.,
공부 오지게 하기싫었는가보네 하긴 대한민국 넘버원이 엄마인데 공부따위하고싶긴했을까 간절함이없으니.. 가만히 숨만쉬어도 상위권대학에 넣어주고 졸업하면 어디든지 좋은직장넣어줄테니,
잘나가는 예체능 아이들 원래 다 빼준다. 뿐만아니라 공부순위 순위높은 아이들도 느그들 필요한거 하라고 수업 빼주는기게 현실....,
트럼프 > 브라질 호셰프 > 김영삼 > 김정은 > 쓰레기 > 닥그네...,
막장드라마가 따로 없네 ···,
그냥 자기하나구만 시 ㅂ 할년 들 ~닭이문제여 ~최태민이 자식은어디간겨~~~~???새끼인가 병아리,
정유라부모도능력이라며 ㅋㅋㅋㅋㅋ당당하면얼굴들고나와서능력껏말해버지왜숨어잇냐 ㅋㅋㅋㅋ,
말이불쌍하다 저런돼지같은뇬을 등에 매고 뛰다니..,
치맛바람이 결국 딸인생 망쳤네.. 고개들고 못다닐듯..ㅊ,
ㅋㅋㅋㅋㅋㅋㅋㅋㅋㅋ,
왜..얼굴은 가리냐..? 그 뭐거시기 초상권 침해땜시..!,
영화가 현실인 대한민국 ..재미지잖냐?!,
이러고도 반성이 아닌 도피를 하고있겠지....,
돈도 실력!!!!!이x아!!,
중국처럼 사형시켜야 되는데 한국은 어느정도 공산주의가 필요한것 같다 저런 것들 보면,
근데 이건 다른 스포츠선수도 마찬가지 아님?,
X같이 생겼네 10자,
국민학교시절 ㅇ감기로 하루결석으로 6년개근 날아갔다. 학교에 통보했는데도 말이다,
솔직히 부럽다 ㅎㅎ,
어린것이 발랑까져가지고 뮈에써먹노,
와우 금수저 탄생 축하 그래서 승마로 금메달 따 국위선양 했냐 금수저야 ㅋㅋ,
막장드라마는 이제 시시해졌어요. 현실이 더 막장이야,
"제출했던 대학 레포트보고 머리가 텅텅 비었다고는 생각했는데...고3때 임신하고, 애 낳느라 어거지로 부정입학한 대학을 출석도 못해..와~ 이건 뭐 머리에 뇌가 아니라 우동 사리가 들어있는 생물이네. 너도 인간이냐? 헐..,;;",
저년과 저 어미는 정체가머냐?,
베댓 조만간... 읍읍읍... 어 누구세...읍읍읍...,
금수저가 아니고 마법수저네,
대한민국에서 신처럼 살수있는 사람이 최순실이네... 학교장찾아가서 항의가아닌 협박하면서 자기맘대로 할수있는것...,
자꾸 왜 모자이크 처리해요?,
김연아는 학교 출석 다했는지 함 밝혀봅시다 .스포츠메달감들은 다거기서 거긴걸로 아는데?,
철저하게 조사해라 아주 철저하게,
미혼모..ㅠㅠㅠㅠㅠㅠㅠ,
남자를 그렇게 타대니 애를 낳을 수 밖에,
진심 최순실 특집으로 싹 다 정리해서 영화 한편 만들면 대박날듯 ㅋㅋㅋ,
에미뇬이나 딸뇬이나 댓텅년이나,
승마협회나.. 대학 총장이나.. 학사관리 해준 교직원이나.. 레포트 ok하는 교수나.. 그 덕으로 국가 연구과제 준 정부나.. 나몰라라하는 박근혜나..이 지경에도 돈 주니 비서처럼 쫓아다니며 독일에서 음식 퍼다 갖다주는 놈들이나..에효....정말 까도 까도 끝이 없군요. 대한민국은 정말 더럽고 거지같은 나라네요;; 아무런 도움없 열심히 공부하고 서울4년제 대학교 가고 또 준비해서 대기업 입사하고 결혼하고 평범하게 살고 있는 제 자신과 남편이 대견스럽네요..,
얘만 캐지말고 딴 승마한 애들 출석률이랑 비교해서 기사를 내면 훨더 공신력있었을듯.,
아주 다마네기여. 다마네기. 까도까도 또 나오노.,
시바 누구는 망할 대학입시때문에 매일 뼈빠지게공부하는데 저년은 거의 1년의3분의1을 빠지고도 인맥빨로 대학잘만다니니...하...,
정유라가 아기가 있어요???댓글보고 깜놀이게 사실맞는지??,
정유라랑 결혼하고싶어요 이쁘고 돈도있고 지위도 있고 마음씨도 예쁜거같고 반했습니다,
얼마나 문란했길래 20살짜리가 애 낳으러 원정출산가냐,
아빠가 누구임???,
전제군주시절 그냥 철없는 공주 보는듯...,
권력이 만든 결과물이다. 누가 인정 하겠는가....감동도 드라마도 없다. 오직 비리와 코메디 뿐...,
진짜 시민혁명이라도 일으켜야된다.나라꼴이 이게뭐냐,
이거 뭐 까도까도 끝이없네?,
본인들은 제일 잘 알고 이야기를 본인들이 안밝히는것이고 국민들 자체를 우습게아는 기본마인드를 지니고있는 사람들인데 ...뉴스거리로 나온들 어차피묻힐것들. ..어쩔수도없는건데 ...국민들만 감정만 허무해지지,
가발썼나 머리잡아당겨보자. 공짜좋아하는거보니 머리카락이 남아나겠어?,
이햐~~~!!!!! 그니까 고등학교때 130일을 학교 안가면 거의 퇴학 아닌가~~~??? 여름방학한달 겨울방학 두달잡고 3년동안 130 일이면~~~???? 그냥 학교 반정도밖에 안다녔다는거고~~~???그러고도 이화여대를 특채로 들어가??? 빽이 엄청나고~~~!!!!성적이라도 좋던가~~~!!!!! 그리고 지금20대 초반인데 미혼모야~~~??? 남친도 헤어져서 얘만 키우고 있다며??? 20대초에~~~???? 이거~ 더라이니~~~???,
정유라 말은 잘탐??,
애마부인이래 ㅋㅋㅋㅋㅋ,
정윤회 훅 가고나서 실세로 떠오른 최순실. 그의 딸이고 고교때나 이대 입학 비리 캐고 또 캐도 끊임없이 속을 알 수 없는 양파같은 집구석. 허나 이 여자는 그런 권력은 전혀 관심없고 질풍노도의 전형적인 청소년 시기를 보냈네 이대 자퇴하고 애낳고 독일에서 그냥 살고 한국에 들어오지만 않는다면 그다지 관심가지도 않는다만 4~5년 지나서 다들 잊혀지고 조용해지면 다시 기어들어오겠지..,
자본주의 사회의 자본 공주님,
양파네 까면 또있고 까면 또있고 어떻게 인생이 뽀록이냐 콩가루 집안 모녀에 좌지우지당하는 개한민국 괴로우나 즐거우나 나라사랑하세,
"나라가 어수선할수록 ""교주""가 판친다는 이전 교수님 말씀 생각나네... 무당 가족이 아주 그냥 한 나라를 쥐락펴락했네",
드러운세상!!!ㅜㅜ,
응 사진만 봐도 존못이네,
애낳는건 안가르쳐줘도 남들보다 많이 배웠을텐데 말타고 다니는데,
유승준 하고 살게 해라...,
성희롱은 하지 말자 안하무인 저놈들이랑 똑같은 놈 된다. 그나저나 안하무인 사이비교주 사기꾼 증조할배 그 딸 할매랑 개념없는 인간인 엄마 밑에서 자랄 애는 얼마나 싸가지가 없을 지 걱정된다,
이런 내용 인터냇안나오면 안돼나 독일에서 살아라고 하고 주민등록 말소시키고 평생 못들어 오게 해라 국가차원에서 이대 강제 자퇴시키고,
??얘나이가 몇살인데 임신경험까지 있냐??영화한편 만들어도 될정도,
"정유나의 일침 ""능력 없으면 니네 부모를 원망해. 있는 우리 부모 가지고 감놔라 배놔라 하지 말고. 돈도 실력이야""",
최순실 대통령 각하를 욕하시는 분 다 잡아가세요! 다 간첩 빨갱이들입니다~ 저는최순실 대통령 각하를 존경합니다!!!!! 댜한민국 만세!!!!,
동기들한테 사창가 가라하더니 저ㅤㅁㅡㅇ이 사창가짓을하내 닐루와라 5마넌줄께,
얘는 누굴 닮았길래 이럴게 말썽이냐?,
진짜 좋은나라야 우리나라만세,
저정도까지는 아니지만.. 운동하는 애들 솔직히 학교 잘 안나오던데... 특히 고등학교는 더,
"스포츠도, 유전무죄,무전 유죄여? 좀 페어 플레이 좀 허자구요! 제발~~좀~",
돈으로 자식 망쳐먹는 케이스,
그네 게이트라 왜 말을 못해 ... 딸만 까고 있다,
저 ㅤㅇㅡㄲ라랑 소개팅 하고 싶은데 어디서 번호표 뽑죠??,
헬조선에서 태어날려면 저런집에서 태어나거라 ㅋ 흙수저로 태어나면 그냥 자살각이고 ㅋ,
이정도면 애마부인급이네초딩때부터 탔을것인디 평생 공부는 안하고 말만탔으니 머리 수준은 그네랑 동급일듯,
학교 안가고 어디 갔는데? 말은 앉기만 되는건가? 운동선수 체격답지 않다,
코미디빅리그보다 재밌다.. 완전 시트콤을찍어라그냥 왜이리 다 ㅤㅆㅓㄲ은곳밖엔 없냐,
엄마닮아서 못생겼지만 자본주의사회속 귀족으로 살고 있구나 ㅋㅋ,
두모녀 꼴보기싫은데 한국좀 떠나시지,
말도 모자이크 해줘라.. 혼자 얼마나 쪽팔리겠냐,
거 범죄자도 아닌데 모자이크 좀 풀어봅시다. 본인이 떳떳하신 분이신데 대체 왜 모자이크를 하지??,
멋지네~131일 결석인데 공결처리 대한민국은 돈있는자들만의것임을 또 한번 느끼게 해주네 이제는 놀랍지도 않다,
홈스쿨하지 뭐하러 학교보내서 구설 수 올라.‥ㅉㅉ,
순실이 어데 숨엇노???,
JTBC 잘한다 손석희 짱이다 최순실이 박근혜 연설문 미리 받아본 자료 찾아서 제대로 까네 화이팅!!,
김연아랑 너무 대조적이네 세계여왕이라는 타이틀을 거머ㅤㅈㅝㄴ 김연아도f학점받은때도 있다는데 이건뭐 진짜갑질 제대로네요 똥갑질,
학교 잘 안가는 애들은 금수저 아니라도 많다. 솔직히 스포츠 스타들 거의가 그렇고 아이돌이나 인기있는 아역들도 똑같다. 매일 밤샘 촬영을 강행했다는 구르미의 주인공도 10대 고교생인데 적어도 두 달의 시간을 할애해야 했었다. 학교 안가는 것도 능력이다.,
2016 박근혜 게이트,
완전 최순실 왕국이구나,
인생 참 편하게 산다.....,
친구는 있나. 친구란 무엇인지 알려나.,
쓰레기 승마협회를 감사해야된다..,
얼굴 가렸네 ㅋㅋㅋㅋㅋㅋㅋㅋㅋㅋㅋㄱㅋㅋㅋㅋㅋ,
아무래도 최순실 수중에 박근혜에 대한 약점을 쥐고 박근혜 조종하는듯 싶다. 안그렇고서야 ~~모든일들이 상식밖의 일들이 일어나겠는가 ~!!!,
아직도 경상도는 박근혜 믿나ㅋ4,
설마 그 유모차가.;;;;;;,
그래서 이분은 승마 선수인가? 고등 때부터 지금까지 승마하는 걸로 몇일동안 기사 톱을 하고 있노... 직접 인터뷰 시도는 절대 안되는갑네 . 엄마부터 데려와서 얘기 들어보면 안되나 ...,
공주가 학벌이 무슨 의미가잇다고 왜 이 난리를만드냐 쳐누워잇어도 밥먹여줄텐데 ㅠㅠ,
북한 김정은이가 특수군체포조 동원해가 최순실과 정유라 잡아가주라 ~~!!!,
에라 확찢어버릴련아,
박근혜가 대통령이라는게 부끄럽고 쪽팔린다..,
하긴쟤늠고3때학교에서안배워도먹고살았겠다,
대체 뭔짓을 하고 다녔길래 몇주째 이딴 짜증나는 기사 올라오는거냐?,
속보...정유라 말이랑 7시간 해서 애남......ㅎㅎㅎㅎㅎㅎ,
윗물이 맑아야 아랫물도 맑다..,
정유라는 말 거시기를 사랑한 녀자였다......라고 후세에 전해지다.~~,
131일 동안 ㅅㅅ해서 임신한거냐,
하는것마다 기가 딱 막혀서 할말을 잃음 이런웃기지도 않는것들이 한나라를 풍지박산으로 끌고간다는것이 더 기기찬다 그렇타 우리나라는 나라가 아니다 국민의 눈은 눈도 아니고 귀는 귀도아니고 ... 시대가 바꼈는데 윗에고인물이 그대로니 썩을수밖에,
에공 어린게 어쩌다 전국민의 비호감시 되서서는 너도 참 앞으로 앞날이 험난하겠다 좀 있을때 베풀지 어찌그리 안하무인이였누 동정할래야 할길이 없다,
모자이크는 왜 한거 이미 얼굴 다 팔렸는데 기자야 순실이가 무섭냐?,
말이 아깝따!! 말이~,
말타는 모습 상상되네~~모든남자를 자기 말안장으로다가 생각하고~타나.?,
정윤회.최순실나라일에신경덜쓰고하나있는딸제대로관리해야지.,
이화여대는 최순실과 정유라에게 한방먹구~박근혜는 이화여대에 격침 당한꼴~ 여자의 적은 여자라더니 ~~!!!!!!!,
명문 이화여대에 먹칠한 년,
이런 쓰레기들 다 족쳤음 좋겠다그럴린 없겠지..여긴 헬조선이니 ㅉㅉ,
박근혜 숨겨놓은 딸 아니냐ㅡ,
대한민국은 빽없이는 살기 조 같은 나라여,
존나 빠개졌던데 도대체 누구랑 했던거지...,
존나 빠개졌던데 도대체 누구랑 했던거지...,
참 정유라 쟤도 어지간히 돌대가린가보다.그 정도 재력에 엄마가 외국서 공부시키고 학벌 세탁할만한데...아니면 사교육 승마시킬돈으로 했으면 이대 시험쳐서 떳떳이 들어가고도 남았을텐데..결론은 머리가 나쁜걸로..,
빡대통령이 이 정도 수준인줄 몰랐음....씁쓸하네...믿었던 사람에게 배신당한 느낌...,
"최순실,정유라는~~박정희독재정권때면 벌써 암살당했을건데 ~",
미꾸라지가 온 연못 흐린다더니 온나라가 망아지 얘기로 도배됐네..,
승마협회도 해체해라. 쓰잘데 없는 쓰레기 세금 기생충.,
미리에 든 것도 없는게 돈만 믿고 설치다가 드디어 충공깽,
고등학교 몇년 꿇은거 아닌가? 나이가 만20세가 아니라는 설이있던데,
양파네. 까도까도나와.이건 시작이지 경찰이든 검찰이두 제대로 조사해라,
임신중~~애비가 누굴까~~!!!! 쪼매난년이 까져가 ~!!!!!!!!,
딸 미래를 위해 개헌을 해야겠다,
박근혜가 출산장려정책 예산 정유라한테.다꼴아박은듯,
이제는 한숨만 나오네요...,
"애낳는거야 떼는거보다 잘한거고 대학에서 임신 육아휴학 만든것도 잘한건데 문제는 그게 단 한명의 특혜를 위해 일사분란하게 절차도 없이,진행되었다는거지. 그동안 임신 출산 육아때문에 학업을 그만둔 여고생 여대생들은 문란하다는 손가락질과 중도에 포기한 학업으로 인한 취업난 그로인한 가난까지 고난이 줄줄이 사탕이었는데 그 아무도 신경써주지 않았는데..단 한명의 부잣집? 귀족? 왕족? 어쨌건 그런 사람에게는 노오력이 없어도..아니군 부모를 잘만난 능력으로 세상이 바뀌어주니 이것 참 고마워 해야할 일인가.",
저밑에 깔린 말은 무슨죄냐?ㅋㅋㅋㅋ,
출산설?????????,
이년들 뭐하는 인간들이야??????어데숨어있냐?????,
정유라 경호원4명데리고다녔다는데 이거팩트면 무슨 대통령 딸급아님?,
대통령님 식사 하셨쎄여?,
소급해서중졸로 바꿔!,
내 친구 보니 고3때는 거의 학교 안나오던데. 여름방학 들고 부터는 아예 안나오고. 승마대회 나가서 3등했다고 학교장 표창장 받고 근데 4명 대회 출전해서 공동3등. 순실이 편드는게 아니고 원래 그 세상은 그랬다,
머 대단한 선수라고..그럴바엔 학교엘 왜가나? 검정고시로 패~스 하지...,
그냥 쓰레기 더미네 쓰레기 공주들 원투쓰리 여자로서 참 부끄럽다 니들 셋다 아웃 오븐 안중,
닭년 국민을 호구로 아네!,
"제발 쌍판은 갑자기 TV에 투척하지 마셔요. 토 나와요. 반드시 ""경고"" 메시지 -- 참고로 쌍판 띄웁니다 -- 먼저 띄워주셔요. 채널 돌리게.",
참 나쁜 대통년~~,
리퍼:죽어!죽어!죽어!,
참 한심한 나라. 저 권력자에게 얼마나 많은 사림들이 고개 숙이면서 잘 보이려고 아첨을 했는지 안 잡고 있노. 반드시 잡자 . 국민의 세금과 기업 돈으로 호의호식하는 더럽운 모녀 잡고 제일 높은 분 탄핵 합시다.,
ㅅㅈㅍ도 넘 불쌍하다...!! 어린 나이에....,
새눌당이 힘으로 보호해주는대 개.돼지는 신경쓰지말랍니다. 마님 계속보호해줘도 되겠죠?,
거칠게 항의 한것뿐만아니라. 쇼핑백과 돈봉투도 건넸다고 아까 뉴스에도 나오던데. 물론 학교에서는 거부했다고 하지만.. ㅋ 더러운것들이 더러운짓만 하는구나.,
학교다니기안민망해?ㅋㅋㅋㅋㅋ,
도대체누구딸이길래 저렇게까지봐주는거야?,
운동선수나 연예인들 학교 잘안간던데 억지가 보이네,
어디서 담배피고 겁나 까져서 노느라 결석한거 같은데 뒤에수습하고 매꿔줄수있다니 저런건 그냥 금수저수준이아닌데,
한국오면 미혼모라고 정부지원금주고 그러진 않겠지...? 설마~~~~~,
나라꼴이 잣같군아 정말 저딴 련이 판치네 하기사 대통령도 정신못차리는데,
"친일부역자반민족자매국노남로당빨갱이 박정희딸 박근혜가 어떻게 대한민국대통령 됐는지 규명하라. 쪽빠리로부터 이나라를 지키신 이순신장군과 독립운동가 김구 안창호 안중근 윤봉길 이봉창열사... 625순국선열들을 욕되게 하는짓거리다. 이는 아직도 이나라가 친일부역자반민족자매국노 박정희나라, 일제 강점기 대한민국과 민족말살/민족수탈/혈세수탈 시대란 뜻. 친일부역자반민족자매국노남로당빨갱이 다까끼마사오 효수하라. 박근혜 탄핵하라. 친일부역자반민족자매국노들을 국민을 개돼지노예 취급한다. 저들의 쌩쑈/연기/거짓선거공약에 속는 국민은 개돼지노예 맞다",
이런 기사 댓글에서 조차 좌빨 드립하면서 부패 정권 편드는 OOO 알바들. 네이버에 국가조작원에서 뒷돈을 대는 조직적 댓글 알바단이 활동 중이라는 댓글들아 설마 사실은 아니겠지? 개돼지라 불릴 만한 국민 수준.,
훈련 나가면 대회나가면 결석해도 되는거냐? 개어이없네,
애 수저는 뭐임? 뒷배가 청와대인데,
어느 고등학교인지요~??얘난 거 맞어요>>???,
아무리봐도 20대초반으로 보이지않는데..못해도 30대초반정도로 보이는데..흠,
야이뇬아 학교 안가고 처자빠잤나? 진짜 말탓니? 말하고 했니? 말맛은 알아가지고 ㅤㅆㅛㅇ뇬. 좀 꺼지라 이 말대가리같은 뇬아,
유라 낯짝 왜 모자처리 해놨냐?? 부끄럽냐??,
"아니 이 사람들아 본질을 봐라 제발...얘가 결혼해서 아기 낳은게 뭐가 잘 못이냐???그리고 생긴게 뭐 어때서???너네 얼굴은 그리 선남선녀냐???특혜에 부정 입학은 잘 못된거고 범법행위는 맞지만, 불법 낙태한것도 아니고 자기가 아기낳고 사는게 뭐가 문제냐???",
애 때문에 학교 빠졌나보네,
역시 한겨례에서는 진실을 쓰는구나 역시 달라,
"국익을 위해 학교 안가는것은 잘못된게아니지만,여러가지 드러나는 의혹이문제다.최순실같은여자가 대통령팔아 한밑천챙길려고하는게죽일×.아무것도아닌것때문에 나라가 시끄럽고 엉망이다.빨리잡아 철저히조사해서 재산몰수해라.",
좌좀님들 부들부들 하시져?밖에 나가면 아무도 얘기 안꺼내요ㅎㅎㅎ댓글로 떠들면 누가 알아주나요ㅋㅋㅋㅋㅋㅋㅋ,
유라 남들은 욕해도 그래도 부럽다 부러워,
저걸 졸업 시킨 고등학교부터 문제 아니냐? 완전 뿌리까지 썩었구만 ㅋㅋㅋㅋㅋ,
승마협회도 조사해라..,
말은 왜 태웠을까~??좋아했나~어릴 때부터...ㅉㅉ,
어휴 어떻게 처신했으면 그러냐 ㅉㅉ 학생때 하라는공부는 안하고 불장난부터 배웠구나,
돈이면 법이고 원칙이고 뭐고 다 소용없는 개떡민국에 사는 힘없는 서민은 개돼지다. 에라이 썩은 개한민국의 1%들아.,
양파보다 더하네.. 까도까도 끝이없네,
한달에 20일 학교간다.131일이면 6개월반을 결석했다. 방학빼면 2/3정도를 결석했는데 졸업을 시킨다고??,
에라이 OOO10자다,
"학교에 안가도 졸업이 되고, 공부를 못해도 대학을 가는 기묘한 일이 있었군.",
어차피학교선생과교수들은권력과돈앞에무릎꿇은지오래다.스승이란말은옛말이된지오래고교내에폭력은다반사고 ㅠㅠ어찌할꼬~어찌할꼬~ㅠㅜ,
정윤회 딸인가여???,
좌파들 참 못됐다 성적인 비하발언까지 서슴치 않고 하네 역시 좌파는 인간이 아니다,
애를 낳건 문란하건 그건 개인적 사생활입니다. 자극적이긴합니다만.. 하지만 그것때문에 더 중요한 사회적 정치적 이슈가 한편으론 묻혀져버려가는건 아닌지가 걱정됩니다.,
학교때려치우고 애마부인이나 찍지?그런데 얼굴이 안되는구나,
유라야 우짜노....ㅜㅜㅜㅜㅜ ㅋ,
쓰레기는 쓰레기통에,
역대급 막장드라마네...,
종니 인생 편하게 사네 ㅤㅅㅢㅤㅂ,
오 이런기사 좋음 ㅋㅋ,
정유라 고딩때 같은반 애들은 다 알텐데.국민들은 조선.한겨레.경향신문 아니었음이런일도 몰랐을터.최씨 일당 잡아들이는게 정답...,
아몰랑 돈도 실력이얌 ~~돈이 있으면 다되는거얌,
승마협회 공문이라...그냥 엄마품에서만 자랐네요.엄마와 엄마 절친 이모가 다 해주는 공주생활개를 15마리 고양이를 5마리나 키우는 이유를 알겠네요.자신만을 오로지 사랑해주는 것만 좋아하는 생활습관과 환경.그게 모두인 공주,
정말로.일반적으로 믿기어렵겠지만 (전파무기 가해자)들은 10여년전부터 이미 투명망토를 사용하고 있습니다 참으로 믿기 어려운 얘기이지요 (저도 안믿다가 당하면서 믿습니다)미국에서는 우리돈 104만원이면 투명망토 1벌을 살수있습니다 얘들 전파무기 가해자들은 우리일반 과학보다 50년은 앞서가고 있습니다 (전파무기피해자)들이 이 (투명망토)에 많이 당하고 있습니다 100프로 진실 !! 사실입니다보이는자와 안보이는자와의 싸움..!그래서 전파무기 피해자들이 당합니다모든게 진실입니다전파무기 치시면 많은글이 올라옵니다,
참으로 !!이런세상도 있네요 전파무기가해자들의 세상 .!!투명망토.(만프로 있습니다)입고 들어와서 잠들면 수면가스로 마취시킨후 수면주사놓고 강간하고~ 음란물 유통해서 돈벌어먹고. 음식물에다가 전파 잘듣는 약타고.~~ 세상에이런 말종들이 있습니다 (제가 당하고 있습니다) 모든게 사실입니다 지금도 이글을 쓴다고 제몸에다가 고통스러운 전파를 마구 마구 쏴대고 있습니다 여러분..!!!!(전파무기 가해자들)입니다 반드시 아셔야될 내용입니다믿을수없는 투명망토가 정말있네요! 전파무기 가해자들은 모두 사용하고 있습니다,
비리종결자 자기딸도 자기처럼 키우려고 대통령출마했네 ㅋㅋ 영남대는 승마특기생 안받나 이대나온 여자 코스프레하고싶엇나봐,
미국에서는 하버드대에 기부입학하면 솔직하게 기부입학 한다고 말함 자본주의 사회에서 돈 많아서 명예를 위해 기부입학하는 것은 뭐라안함 근데 한국의 가진자들은 비겁하게 정당하게 입학했다고 구라나 치지 그러니 빡치는 것임 한국이 비정상인 사회인 것은 가진자들이 솔직하지 못하고 비열하기 때문임 그러니 자본주의 사회에서 부자는 존경받아야 하는데 한국에서는 욕하는 것임,
꿀겁나게 빨았네ㅋㅋ,
머좀;;;; 형편성에 어긋나지만....그럼 승마라는종목이;;;;;,
증거 없애기 잘도한다,
아이가 무슨죄냐........잘못 만나서,
후원기업 삼성 불매운동 해야합니다그래야 어느 기업이든 권력에 돈 받치는일이 없어 질거니까요,
131일 결석도 의심스럽다. 현실은 더한데도 중간에 자동필터링해서 131결석으로 줄인거 아니냐.,
가관이네 ㅋㅋㅋ,
중졸이네 검정고시부터 봐라. 이대합격은 당연히 취소고.,
아고 공쥬님...ㅎㅎ,
애는 그냥 돈으로 키웠네.,
무슨 씨35바 파도파도 계속나오네... 진지하게 무당집안 주제에 법따위 개무시하고 귀족마냥 구는 이새기들 공개처형시키면 안되냐??,
승마는 지혼자했나 머가 이리 말이 말이 많노,
131일이면 그냥 학교 안다닌거라고 보면 되는수준인데;,
중졸이네....군대도 면제~~~~♥♥♥,
한걸레야 ㅋㅋㅋ 김연아는 시험만 보고 고등학교 3년 수업자체를 안갔는데 ㅋㅋㅋ 131일이 문제냐 ㅋㅋㅋㅋㅋㅋㅋㅋㅋㅋㅋㅋ,
쓰레기들은 소각되어야 한다.,
"모범생은 아니었군요. 착하지도 않고, 가난하지도 않고, 아름다운 마음씨도 없고. 돈만 자랑하고 허세만 많았군요. 그게 치명적인 단점입니다. 돈많은 부모 만났다고 그저 낄낄 될게 뻔하겠죠. 나라꼬라지 별로입니다.",
"법인세올리라고 했더니 부가세를 올린다고 완전 개또라이들""~~~",
김연아는 시험만 보고 고등학교 3년 수업자체를 안갔는데 ㅋㅋㅋ 131일이 문제냐 ㅋㅋㅋㅋㅋㅋㅋㅋㅋㅋㅋㅋ,
사진에 40대 처럼보이드만.. 20대 초반이였네 ㄷㄷ,
맞춤법 보니까 초졸은 했는가 싶던데 최순실이 홈스쿨링했나?,
딸키우운다고 고생한다~~!!!,
김연아는 고등학교 3년 수업자체를 안갔는데 ㅋㅋㅋ 131일이 문제냐 ㅋㅋㅋㅋㅋㅋㅋㅋㅋㅋㅋㅋ,
난 얘 최소 35인줄 알았는데 96년생이었음 ㅋㅋㅋ,
유라가 잘한게 아니라 말이 고생했넹... 이화여대는 유라는 제적하고 말을 명예입학 시켜라.,
"돌이켜 짚어 보면 고3때 임신을 하고, 문제가 되는 1년이 넘도록 출산 및 산후조리 기간이라는 합리적 의심이 제기되는 바, 만약 언론매체를 통해 밝혀진 것처럼 (겹치는 동일 기간에 대해)'국제경기 출전 사유서'를 학부에 제출한 것이 사실이라면, 이화여대는 이러한 미세스 정Mrs Jung(독일 현지 표현)을 합리적인 처리를 통해 그나마 밑바닥으로 떨어진 위신을 만회할 수 있을 것이다...",
승마협회눈???????,
안보 종북몰이를 메스컴에 그렇케 지시했건만 대한민국 개 돼지들은 도대체 먹히질 않네 얘네들이 개돼지를 졸업했나? 겡찰은 뭐하나 법질서를 빙자해서 순실이 얘기좀 못나오게 못하냐 ? 갱찰이 못하면 내가한다 개헌으로 -- ㅤㄷㅏㅋ년 지시사항 --,
양파처럼 매력덩어리 까도까도 또나오네??,
오래 살겠다.야~^^ 욕을 하도 쳐먹어서ㅋㅋ낯짝들고 다니지마라.,
보수도 여당도 쫌 배워라 좌 쓰레기 언론들 죽기살기로 끝까지 물고 늘어지는거,
주말빼면 한달에 일주일만 학고나갔다는 예기네.,
썅연중에 개썅연일세,
박근혜가 어른이면 이정희는 초딩이었다. 저렇게 어린 시절부터 왕족 교육을 받은 박근혜 눈에는 이정희가 서울대학교는 나왔을지 몰라도 리더쉽에서 초딩 이하였겠다.,
나쁜 일도 처음이 힘들지 익숙해지면 감각이 없나보다. 최순실 딸이 그런거 같다. 꼭 필요한 날만 빠지면 될텐데 불필요한 날도 결석하면서 공결받는 것이다. 정유라에게도 잘못이 있겠지만 그래도 된다고 환경 만들어준 그 엄나 최순실이 정말 나쁘다. 이런 사람때문에 잘하고 있는 예체능특기생이 덩달아 욕먹으면 곤란한데...,
정유라 걍 졸라 명치쎄게때리고싶다 재수없어,
승마같은 아무짝에도 쓸모없이 폐인들 양산시키는 경기 자체를 지구상에서 퇴출시켜야 함.,
유라공주님의 운전기사 댓글알바 라도 시켜주신다면 일사봉공 견마지로를 다 할 생각입니다,
얘가 대체 뭔데요..? 뭐가 그리 잘나셨는지,
거대한비리와 그것을 덮으려는 검은 세력들,
나는 제갈량의 능력이 있어도 흙수저라 백수인데 쟈는 뭔데 말이나 타고 팔자좋게 사나 빡치네,
댓글들 읽어보니 얘는 그냥 돌대가리에 OOO이네.....하이고...돈과 권력으로 지 멋대로 살았구만.부끄로움도 모르고.,
역시 헬조센 다이아수저의 일상은 알면 알수록 신기방기,
뭐하는 냔인데 난리부르스냐 숨겨둔 딸인가???,
대통령이 깨끗한 자리는 아니지만 이런 자리는 아니다. 박근혜 이름이 더 이상 어떤 식으로든 남기지 않기를 바란다. 개헌 결사 반대,
내가다니던 학교다녔으면 얄짤없이음악실가서 실내화로 선생님한테. 귀싸대기맞았을껀디ㅎ 아쉽다ㅎㅎ 시골촌동네 학교라 그딴거없어! ㅎ 쓸대없이 결석? 뒤1진다ㅎ,
멍청한년들챙피해그년두,
"애낳은게 진짜? 괜히 까기쉬운 아이템으로 하려다 사실아니면 흐지부지되지. 다관심없고, 부정입학 부정학점 대학특혜 부정대표선출 부정상속 조사하고 독일에 있다는 회사랑 그회사가 보유한 호텔, 세금지원, 다 조사해라. 애는 관심없다.",
"왜하필 15년도 정유라입학할때 승마종목을끼워넣은건지 아는사람은다알텐데,,, 눈가리고아웅이네 ㅋ",
유라야너희 가정이 완전히 콩가루 집안인데어디 돈도 실력이라는 말을 쳐하냐사기도 실력이다 로 바꾸자 ㅎㅎㅎ와꾸도 극혐이더만,
교육이 개판이구만. 저런게 어떻게 이화여대를 가니? 이화여대가 원래 그런 학교 아니잖아?,
"정유라를 보면 박근혜를 보는 것 같지 않아? 정유라가 돈도 실력이고 니네 부모를 원망해라고 했을 때,그런 사고방식은 박근혜가 성장한 과정과 오버랩된다.박근혜가 발톱은 숨기고 있지만 정유라가 가진 생각과 거의 같을 것이라고 봐.나향욱이나 정유라나,박근혜나 국민을 개와 돼지로 보는 것은 이 사회 가진 자와 기득권층의 전형적인 사고범주다.박근혜를 제대로 알려면 정유라를 똑바로 봐!!",
거칠게 항의하면..제적도 면해주는구나...!,
애마부인이ㅤㄴㅔㅋㅋㅋㅋ댓통이 감싸주는데 뭔들 못했겠어. 사이비가 설쳐도 개헌을 외칠수 있는 나라가 헬조선이지 모니.,
"아침에 네이트뉴스보니까 실력도 그리 대단한거 없더만 고등학교때 평균 중하위권 단체전 금메달때도 (전체 기여도 6위)ㅡ그냥 버스타서 금메달.... 고등학교출결개판>>제적처리될뻔하자,엄마출동. 이대출결개판>>엄마출동 but, 고등학교때는 먹혔을지모르나(엄마출동) 대학은 달랐다..ㅋㅋㅋㅋㅋ 이제 수사시작!모녀버러우, 측근버러우...대학교 레포트(중학생수준),교수과제첨삭..와 그냥저냥 2년흘렸으면 사임하신 총장님그늘밑에서 졸업장따겠네요ㅋㅋㅋ클라스 오집니다.",
레알 핵노답 시즌 2016........ 몇 번째냐???,
"단언컨대, 역대 최강의 막장 대통령 스캔들이다.",
시118ㅤㅂㅘㄹ년 보ㅤㅈㅢㅤ에 금떼도 아니고 다이아몬드 둘럿냐?,
박근혜는 최태민이랑 침대에서 어케 놀았는지 안기부 사람들은 알텐데 ㅋㅋㅋㅋㅋㅋ,
참내..이두여자가뭐라고..말썽쟁이장본인들은 나오지않고..여러사람들이..해명하듯말하고있는거같고....,
요즘 뉴스 보는것도 짜증납니다.나라꼴이 아주 개차반이라...,
쓰레기네 완전. 권력 등에업고 진짜 실력있는사람 전부 탈락시키고 ㅉㅉㅉ,
승마 특기생 대학입학은 내가..대학입학한던 77년도에도 있었던것 같다. Y대체대에 말 사들고 입학했다고 들은적이 있다. 그리고 체대 교수까지 하고 있다고....아무튼 승마 특기 입학은 예나 지금이나 문제가 많구만！,
한겨례는 좀 자제해라~ 지난번엔 서울대병원장이 어떻게 ㅤㄷㅚㅆ나 알고싶지도 않은얘기 자세히도 쓰더니~ 어쩜 선동하는데는 아마 대한민국 일인자언론일듯~ 읽는 사람이 좀 불쾌한데~,
학교도 안가고 머하니.... 뛰어난 선수라서 못 가는 것도 아니고...가진 건 많지만 능력은 못 가졌구나.,
여자들이 그렇지 뭐ㅋㅋㅋㅋㅋㅋㅋ,
유라야 넌 인생이 참쉬웠겠다..아둥바둥 사는 우리가 얼마나 웃겼을까,
"개인신상 너무 공개하네, 어디까지 가나?모든 언론들이 수사하고 있는 느낌이네죄가 있으면 수사중이므로 관련법에 따라처벌될 것 아닌가?",
광화문에대롱대롱매달아서 후려쳐야지,
준명문대 서강대 전자공학과 나온 분이 이산화까스라고 함 ㅋㅋㅋㅋㅋ,
골고루 한다 이대 개망신 ㅉ,
이런 핼미나 애미나. 애가 불쌍타. 학대조사까지 받았다니..,
박근혜는 정유라보다 더 엉망으로 다녔겠지 그 시절엔 코로 설렁탕먹이던 시절인데,
빵떡같은게 사람들 멸시하고 잘난척은 혼자 다하더니.. 왜 기어들어가 숨어있니? 니 돈과 행동이 떳떳하다면 그랬겠니..,
독일에 쳐박혀있지말고 웬만하면 기나와서 해명이나 좀 해보세요. 진짜 이양반들 완전 배째라는식이군. 아님 입국금지시키고 돈줄끊켜 봐야 들어올라나 ㅡㅡ,
중졸로 바꾸라캐요검정고시 ㄱ,
우와!!!!!!!!!!!!!!!!!!!!!!!!!!!!!!!!!!!!!!!!!! ㅋㅋㅋㅋㅋㅋㅋㅋㅋㅋㅋㅋㅋㅋㅋㅋㅋㅋㅋㅋㅋㅋㅋㅋㅋㅋㅋㅋㅋㅋㅋㅋㅋㅋㅋㅋㅋㅋㅋㅋㅋㅋㅋㅋㅋㅋㅋㅋㅋㅋㅋㅋㅋㅋㅋㅋㅋㅋㅋㅋㅋㅋㅋㅋㅋㅋㅋㅋㅋㅋㅋㅋㅋㅋㅋㅋㅋㅋㅋㅋㅋㅋㅋㅋㅋ 진짜 대박이다 대박이여...........,
말타느라 학교못갔다는대그말이 사람이냐 말이냐 그게중요하지기승위 ?,
운동선수 전수조사가 필요하겠군.,
흠............,
이 아이도 입국 금지 시켜서.. 유승준 꼴나게 해 주시길... 한국을 우습게 보는게 유승준과 닮은꼴이니~,
아무리 그래도 그렇지 ... 우리나라 메달리스트들 운동 선수들 모두 실명 조사해야겠네요~특히 대표전지훈련도 문제될듯 그러면서 큰 대회 때마다 메달~메달 아님 무관심 이러한 글과 말하는 언론도 특검해야함,
한걸레야 왜 개인신상을 니들만대로 밝히냐?? 기레기들아 인권인권거리는것들이 저애의 인권은 어딨냐?? 이런것들이 뭔 인권타령리냐 ㅉㅉㅉ,
공주님 이옇군...,
도대체가 끝은 어디인가??아~~ 보이지가 않는구나......,
다른건 그렇다치고 7월에 정상출석일수가 18일이 안될건데...,
원정출산하고 줄잘타서 얘편하게만 키우고 나도 호강하면서 살려다가 비리로 잡혀들어가게 생겼네 유라엄마.유병언처럼 죽어보시죠?도피했다가 냄비언론의.특성상 조용해지면 다시로시게 ㅋㅋ그렇게 잘먹고 잘사려는데 매일 숨어살아야겠네ㅋ,
비록 사기치고 삥뜯은 돈이지만 수백 수천억 자산가인 양반이 사위 폰팔이 시키냐 ㅉㅉㅉ,
아이아빠는 이명박. ㅋㅋㅋㅋㅋ,
전형적인 묵은지년이구만 대단하다 아가리에서 구린내 존나나게 생겼더만 사진보니까,
뭐 얘 외할아버지는 여섯 번 결혼했다네요,
유라철퇴순실철퇴말로는 안되겠네인간이 아닌것들이니,
이 정권의 악취때문에 비위상하고 토악질나온다..저렇게 살아왔는데도 커버해주는 박근혜와 최순실..대단합니다 정말,
"정유라 아빠...정윤회""인터뷰""하는 차량...박명수""가 타고 사고내고 인터넷에 올랐던 차량인데...1억9천짜리 외제차""아이가...대단하다...외제차""로 폼""잡고...",
공식적으로 모든 학생들이 쉬는날까지 포함하면 1년 동안 출석한 일수가 2달여 남짓 된다는 거네요.,
18살 임신 19살 출산 키야~~~ 자랑스러운 대한민국 공주님의 부마는 누구냐!!!!,
박그네마니닮았네 박그네마니닮았다 권력으로 진실을거짓으로 거짓을진실로도 바꿔버리는 대한민국의 현 박그네정부 무엇이진실인지모르건당 박그네를 탄핵하고 구속시켜서 진실을밝히기전에는~~진실이없다,
엄마 내 아빠는 누구야? 말이란다~,
정작 승마의 본무대 유럽에선 쳐주지도 않는 아시안게임 메달 ㅋㅋ 그것도 개인전 아니고 단체전. 몇십억짜리 말 타면서 실력이 그 정도밖에 안되는데 뭘 이렇게 난리를 쳐놨대? 공주님이야 뭐야? 진짜 유럽 공주들도 이렇겐 안 하겠다. ㅉㅉ,
말위에서 앞뒤로 움직이는 자세가 범상치 않더라니.. 누구 위에서 그리 흔들었니 ㅉㅉ,
이화대 출신들 별볼일 없군요,
쓰레기~~~시궁창에나 가라,
자..자! 빨리시간가서 이명닭그네 구속시키고최순실게이트 탈탈털어 구속시키자~,
알수록 기가막히는구나진짜..,
비리가 없었다면 고졸도 아닌 고교중퇴에 미혼모네..교육못받고 집안이 불우했다면 이해하지만 돈쳐발라가며 사교육이란 사교육은 다 시켰을텐데 머리가 얼마나 꼴통에 답도 없었으면...ㅉㅉ,
전국 여자들 이대는 소나 개나 다 받아줘라,
문득 궁금해진게 연예인들도 학교안나가는데 출석인정해주는건 왜 조용히 넘어가고있는건지?,
하관만 봐도 아줌마인데?,
"단체 금메달로 고등학교 출석 패스, 대학교 출석패스, 시험도 패스~ 나도 애 낳으면 승마나 배우게 해야겠다.. 공부 안해도 프리패스인데..",
대한민국이 왕이 있는 나라였네. 공주님 맞네. 민주주의가 되기 위한 피와 눈물은 어디로?,
최순실이는 독일에도 부동산 많이가지고 있다는데 이게 다 얼마야??? 그리고 이 돈중 최씨가 땀흘려 번돈은 얼마나 될까???,
이년이 말하고 사귀었나? 허기야 말 좋지! 애미도 타고 딸년도 타고...,
근데 아무리 돈이 많아도 저정돈 아니지 않나? 차라리 유학을 가던지. 양파처럼 까도까도 나오는 저 최순실 딸내미보면 똘기충만. 금탯줄 붙잡고 태어나지 않았음 날라리뽕짝 찍었을듯.,
결국 돌대가리란뜻이군...,
모든게 특혜고 비리덩어리네,
닭이고 말이고. .,
공부도 안하고 애마부인 댈래나 ㅠㅠ자본주의 국가에서 능력대로 사는게 뭐 죄인가 ?아이구 부러워라이것도 능력인데,
특기생 학교빠지면 정학 먹는다. 저 정도면 퇴학,
팔 다리가 짧아서 넌 서러브레드 종마보다 제주말이 더 어울려,
조만간 얼굴 갈아엎고 나타나겠지~,
우와 말이네 말~~,
뭐 이런 말도 않되는 X같은 경위가 있노 대한민국에서 벌어 진거 맞나?,
얼굴모자이크는 좀 삼가하지요.,
고등학교 졸업장도 취소해라.,
바보냐? 김연아가 출석하냐? 스케이트타지. 강호동인 씨름하고.,
우리나라에 제대로 일하는 기관이나 협회가있긴있을까요? 휴...,
딸:어머 엄마 나 임신했어 순실: 얘 이름 바꾸고 애지우러 가자 딸:어디로? 순실:독일로 넌 이제 유연이가 아니라 유라야 딸: 역쉬 엄마 잘만나니 학교도 이대고 애기도 지워주고 좋네~,
돈도 실력이다 부모를 탓해라???그런실력 없어도 돼 사기꾼 부모보다 실력없는 부모가 좋다,
결석하고 애만들고있었구나 있는집에서 교육을 어떻게 시킨거야..니부모가 욕먹어야겠다,
애는 말타고 어디로 도망갔나? 닭장으로 피신? 진짜궁금해요.,
승마를 했응께 허리는 잘 돌리겠다,
나도 운동했는데 학교한열번갔나?,
정말 대단하다 까도까도 나오네,
스무살 아가씨라네. . 공주님에게 아랫것이 할말이 사가지 없는 OOO이네,
자식 망치는 대표적인 헬리콥터 엄마네.어린 딸이 임신하는건 왜 못 막았을까...?,
박근혜 대통령 님 욕하지 마시죠. 그래도 대한민국의 자랑스런 대통령이십니다.,
쌍판좀보자ㅡ어떤년이길래 ㅡ졸라시끄러운지,
그래서 저 사진년이 정유라냐??????? 최순실게이트와 송민순회고록은 사실로 보인다.. 최순실게이트는 쌍팔년도때나 있을법한 일이 대명천지 21세기에 일어난거고 송민순회고록은 뭐 더 말할 가치도 없지.. 내년 대선에서 문재인과 반기문은 무조건 안 찍는다.. 문재인은 얘가 생각이 좀 모자란 애같고 반기문은 국민에게 보여준 게 아무것도 없다. 유엔총장이라고 한 나라의 대통령이 될 자격이 있는 건 아니니까.. 결국 문재인을 제외한 제3지대에서 모이는 애들중에 뽑아야할 것 같은데 그 중에서도 남의 돈으로 생색내는 모지자체장 둘도 빼고...,
언론이나 너무 수준이 낮음...내 고등학교때 야구특기생이 있었는데 3학년때 수업 하루 들어와 자다 나갔는데도 졸업함.야구는 학교 운동장에서 가능했지만 승마는 승마장에서 해야한다는 것 쯤은...우리나라 체육특기생은 그렇게 될 수밖에 없는 여건임...기자양반 유라 잘못한것들이 수두룩한데 이걸 기사거리라고...한심해요.,
자식을 망치네. 저렇게 불성실한 사람이 금메달은 실력으로 땄을까? 돈과 권력이면 안되는게 없구나...,
ㅋ완젼 ㅆ ㅣ ㅃ ㅏ 년이네,
최태민 최순실 모든 돈은 박근혜 권력을 이용해 갈취한 돈이다..전재산 몰수해야한다.,
최순실의 목을 베서 저잣거리에 내달아라,
과연 정유라는 최순실의 딸일까? 아님?최순실과 그분의 관계는?참 여러가지 복잡하구만..ㅋㅋ,
이번 기회에 다른 운동선수도 같이....대한미국 체육계의 오랜 병폐를 바로 잡읍시다.,
스무살 아가씨에게 너무 상처 주지 맙시다.님들 익명성 보장된다고 생각해요??망할 말,
"참, 너저분한 집안이야~ 그런집안 인간들한테 우주의 기운을 받는 누구도 저질이긴 마찬가지다.",
면상 개빻았던데 저런년한테 박는 비위 좋은놈도 있네ㅋㅋㅋ,
이런애때문에 우리나라가 흔들리는게 이해가 안간다ㅠㅠ,
상식 파괴자 몰상식,
무전유죄 유전무죄 OOO,
까져가지고 스무살에 애를 다낳으니..ㅎㅎ 무슨 얘기를 더하냐? 비행 청소년에 미혼모에 문제아지뭐.,
그에미에 그딸이네 두쑤빡 북송시키서 아오지탄광에 개고생해야 정신차리지,
으휴....더러운 학연과 인맥빨편하게 사는 주제에 능력좋은 부모 만난것도 능력이란 개소리나 하고 가관이다 진짜ㅡㅡ,
나는 보수파지만 이젠 영원히 새누리당을 찍지 않을거다.그들은 진정한 보수가 아니다. 날강도 사기꾼 집단이다. 대한민국에 말그대로 새로운 정당인 보수가 나타난다면 그때 찍어주겠지만 현재로써는 새누리당은 해체하고 당분간 야당을 찍어주겠다만 친북세력은 후보로 안찍는다. 친북세력 뽑을바에는 허경영을 뽑는다.,
"저런애들이 간간히있었지.빽있고,돈있고,갑질하는 집안딸내미들,어디 쟤 뿐만이야,저런애들많아.한마디로,재 수 없다.",
고딩때 아이출산하고도 이대에 특기생이라? 이건 최순실의 개인 능력으로는 절대불가,
일반인이었어도 저렇게 수월하게 출석처리가 됐을까???,
캬~난 news가 드라마 보다 더 잼있더라...이맛에 대한민국 사는거 아닙니까 ㅋㅋㅋㅋㅋ,
저렇게 개차반으로 사느니 지금 내가 훨씬 좋다스스로가 한심하지 않을까 싶네....,
야 초대형양파네 ㅋㅋ 까도까도 끝이없다 ㅋㅋ,
정말 대단하다..한 사람이 나라를 들쑤시는구나.,
한겨레 특징 : 합법적인 절차였는지 얘기는 없고 131일 빠진것만 강조함,
요즘엔 말하고 닭만 난리다 이거 뭐 동물농장도 아니고..,
마녀사냥으로 우린 도쿄 올림픽 마장마술 메달 하나 버린겁니다.,
학교를 다녀야 글자를 배우고 맞춤법도 배운단다. 유라야~,
정유라 학생은 아버지가 최ㅇㅇ이고 엄마가 ㅇㅇㅇ라는 소문이 사실인가? 엄청 의심이가네빨리찾아 유전자검사 !!!!!!?????,
최태민의 젊은 여친닮아 엄청 밝혓나보네...ㅋㅋㅋㅋㅋ,
놀거다놀고...대단하네,
헐...기가막히네...이렇게 열심히 승마를 했다면 우주에서 제일 잘해야하는거 아님?? ㅋㅎㅎㅎ,
대단한 나라구나....,
"공문으로 출석처리한게 규정에 어긋나는지, 실제 훈련하느라 빠진건지 여부를 정확히 밝혀라 기자야",
정의를 밝혀내는 데 공헌한 교수님들 고생많으셨습니다. 다 교수님들 덕분에 명문사학 간판 체면이 유지되는 것입니다.,
퇴임전에 개헌을 이룬다면 후세 사가들에게크게 칭송받을수 있을것이다 ?,
막장드라마보다 더 재밌는 결말이 있을거같아 기다려진다,
생긴것도 똥같이 생겼던데 ㅎㄷㄷ,
헬조선은이미죽어있다,
아아 애가 빠가사리였구나,
"도뎌체 이따위 계집애 하나가 뭐라고 맨날뉴스인가, 한심한 나라",
30년뒤 근현대사 문제들.,
자고로 쓰레기는 큰거 작은거 할것 없이 소각이 답이다.순실 유라 라는 쓰레기는 잘게 잘라서 태워야한다.,
하계 동계 방학빼고 주말빼고 결석일이 131일이면 도대체 출석일이 몇일이야???,
저렇게 결석을하고서도... 이대?? 받아준대도 거절해야하는것이 가진자들...지도층의 양심아닌가?...,
이제라도 망했으니 다행입니다.,
대학은 어떻게 갔나? 아무리 특기생이라도 수준이....,
진짜 추한 여자네...그래도 역시 돈 많으니까 잘 살거야 얼굴싹뜯고 이름 바꾸고 막도 새로 복원하고 외국으로 이주하면 되잖아?,
한겨례폐간당할라?최순실을 아주 개 젖으로보네,
이렇게해도 졸업이 되는구나...죽어라 학교다닌 내가 이상해진 기분이네...,
제발 남녀노소 차별하지말고 이렇게 말도 안되는 국민들을 농락하는 것들은 전부 단두대에 베어버리자. 나라가 단두대 같은 극단적인 처벌이 필요하다고 느껴질정도로 부패해버렸다.,
국기문란인데 그네찡먼저 콩밥먹어야지,
고등학교졸업하고 출산한거임?,
출산휴가‥ㅋㅋ‥ 그애는 다른나라서 키워라‥세금아깝다‥나중 즈 집안 혈통보니 공익에 도움안돼,
진보교육감이 당시 현장조사해놓고 넘어가놓고 이제와서 바람타고 다시 뒷북둥둥,
유전자 검사하자...왠지 좋은예감이든다,
정유라야 니가 정말 부모를 탓해야겠구나~부모 잘둬서 대국민쌍욕 먹는구나ㅋ,
유라는 참 얼굴이 큰 듯~~ 지 엄마 닮았나봐~~,
과제물 작성 수준을 보니 짐작되던데..,
좀 너무하네 너무해...,
공부 드럽게 못하고 오직 말?만 탈줄 알겠네~^^말은 잘타냐?,
아시안게임 승마종목은 동네승마수준정도 유명무실 하다고 합니다??,
부모의 재력도 실력이고 종북도 권력인 대한민국 .. 말세다.,
정유라가 박그네를 뭐라 부를까?? 최태민할아버지 여친을 ...진짜 나라꼴...ㅋㅋㅋ,
헐~~아주 비리 덩어리 그 자체네..대다나다.....비리공화국 만세!!!,
그럼 아이 아빠는 누구야? 존나 양파같은 모녀 년이다.ㅋㅋㅋ 깔수록 자꾸 더 나와.ㅋㅋㅋ 존나 멋진 모녀 년들일세.ㅋㅋㅋㅋㅋㅋㅋㅋㅋㅋㅋ,
이런모녀 덮자고 개헌 푸하하하하....,
도대체 너희들 정체가 뭐냐?진심 궁금하다,
어느 대학민국 고3학생이 특혜없이 131일 결석했는데 이대는 고사하고 대학을가냐,
ㅋ 멋지네 .. 아주 이용해먹을수있는건 싹 다 해먹었구만 .. 진정 승리자는 딸이네 학교도 안가고 대학가고 메달도 그냥 갖고오고 해외도 가고 호텔도 갖고 .~ 삼성이 부럽겠냐 ? 나라를 호령하니 대통령이 부럽겠냐,
양파도 이런 양파가 있을까........... 까면 깔수록 뭐가 계속 나오네.......... 신기방기........,
"저잣거리 장삼이사도 있지도 않은 일로 저토록 남한테 손가락질을 받으며 화도 나고, 억울한 일을 밝히려고 할텐데 대통령님은 지금 최순실이라는 여자가 국정을 농단하고 비선실세라 하고. 숨은 대통령이라 하는데 어찌 이리 입을 닫고 인내를 하십니까? 비선실세라고 할만큼 대통령의 지위와 권한을 제 멋대로 남용하였다 할만큼 썩은 내가 진동하면 어찌 이런 일이 생겼는지 곁눈질이라도 한번 해보세요. 최순실이 대통령님과의 친분을 철저히 이용하였다면 대통령님 이대로 가만히 있으면 안되는 거 아닙니까? 드러난 것만 보아도 이미 선을 넘었어요 최순실은",
최순실 딸이라 좋은 대접 받는게 아니라 평생 쓰레기 소리듣고 한국에 오지도 못하겄네,
누구닮은거지? 얼굴에서 닭느낌도 나는거 같은데,
더러운것 이걸 10자로 하기 싫타,
공결처리를 남발하는구먼,
.독일까지 시중들러간놈들은 개돼지냐?,
아주 어릴때부터 특혜란 특혜는 다받고 자랏구만 ㅉㅉ,
"방학, 토요일, 일요일, 국가지정 휴무일을 제외하면 도대체 며칠 출석했다는 것인가? 정말 계산이 안된다.",
도ㅒㅅ고 애부터 찾아라. 살아있기나하냐,
역대급 금수저네 10자,
뭐하러 사냐. 인간으로서 뭐 하는게없으면서,
전국의 수많은 정유라들은 정말 기분 나쁘겠네. 엎드려 죄송하다고 빌어라.,
최태민 일가는 대대로 남의 등만 쳐먹는 족속이로구나. 조선때 3족을 멸하는 이유를 알겠다.자손중에 제대로 된 사람이 나올수도 있는데 3대로 내려오면서 한층 악을 더 보태고 있으니,
조사해서 협조한 학교와 교장 담임까지 조사해야 합니다.,
우리나라 최초의 양파모녀 까도까도 계속 나옴ㅎㅎ,
김치놈들은 돈만주면 시다바리 역할도 잘하는구나...저오크모녀가 돈주니까 독일까지 따라가서 심부름하는거봐라..10명의 김치놈새끼들이 심부름한다지..ㅋㅋㅋㅋ,
대통령위에 여황제가 있었다...?최순실..! 머리카락 보일라 꼭꼭 숨어라..!,
배운게 없고 가르친게 없으니...,
어쩐지 못배운 티가 나더라,
머리에 모가 들어있을까? 궁금타!!,
이쯤 되면 욕이 안나오는게 웃기는거지. 국민들의 피와 땀을 쥐어짜서 적신 빵으로 특정 계층만 배를 채우는 병맛같은 나라. 무늬만 자유민주주의지 실상 굴러가는 꼬라지는 공산주의국가네?,
무슨 짓을 했길래 고등학교때는 학교를 안가고 대학생 때는 애를 낳냐???,
이런것들은 한국에서 추방시켜야돼,
역시 네이버에 왠일로 이런뉴스가 떳니했더니 한겨례네ㅋ 다음은 메인에 뜨는뉴스가 네이버에선 아래에 까리네,
저렇게 결석 했으니 공부 드럽게 못하겠네...ㅋ머리가 텅~^^,
"근데, 이화여대교칙상 재학중 결혼이 가능한가요?",
졸업이 안되는 결석일수 아니냐???ㅋㅋ수능 끝나고 학교에 출석하러 가는 이유가 출석일수 채워서 졸업 하기 위한건데ㅋㅋ 공결이라니ㅋㅋㅋ,
학교를 못나가서 미안해 친구를 만나느라 샤샤샤,
박근혜는아직아무말도없습니다.,
세상 편하게 살아서 좋겠다 ~,
정말 세상 웃낀다. 이런것들을 못찾아 짜고 고습돕치냐?,
얘진짜꼴통이구나 승마는걍허울뿐 이걸핑계로다헤쳐먹고잇네,
하기 싫은 공부하러 학교가서 괴롭게 앉아있지 않고 빠구링이든 뭐든 하고싶은거 하는게 훨씬 인생에 도움이 된다.,
적당히를 모르다 발생한 사례.1,
이런 행위들이 돈과 권력만 있으면 당연시되는 한국.학교든 감독권있는 정부부서든 정의나 자존심따윈 없는 쓰레기들이 득세해 지맘대로의 법과 질서를 만드는 부패공화국..이런데도 선진국 ...,
그냥 다니지 말지 여러사람힘들게 했구나,
이게 민주국가 맞는거냐?,
암탉이 울면 나라가 망한다... 맞는말인듯ㅋㅋ 그렇다고 수탉이 운다고 안 망하는건 아님,
뭐 한두가지여야지 덮어주지 이건 석유도 아니고 파면 팔수록 계속 나와! 원칙강조하던 정권가 원칙은 어디로?,
헐 무서워서 쟤랑 결혼할 남자 없겠다 ㅋ,
조직내에서 잘못이 있음 ㅡ조직의 장이 책임을 지는게 원칙인데ㅡㅡ닥그네는 모든책임을 회피하고 ?그개인의 잘못으로 치부해버리는 아ㅡ주못된 버릇이 있지ㅡㅡㅡ한마디로 책임질줄모르는 댓빵이란거지,
2014년 하반기에 임신을 했으면 임신초기라서 학교나가기 힘들어서 그랬나?,
이름부터 구역질 난다,
국비로 말 타라고 유학 보내놨더니... 남자만 타다가 애를 덜컥!!,
갠적으로 순실이가 그네 누나 통치 자금 독일에 짱박는 일 한거 같은데..!??,
직업반이냐 ㅋㅋㅋㅋ,
눈을 가렸는데도 표독스럽고 못생김이 묻어나온다,
이런드러운정권 꼭 표로 심판합시다고집불통 아집 대통령 그러니 밑에 구더기들만 들끓지세금걷어서 엉뚱한데 쓰고 서민들만너무힘들어요ㅠㅠ,
온나라에 얼굴 다알려졌는데 모자이크는 뭐냐? 그분 사생활 보호냐?,
완전 지멋대로 지 세상이네. 아후 열 파파팍~~ 받네.,
학교안가고 빠 구 링 뛰러갔나???,
ㅋㅋㅋㅋㅋㅋ 예체능 준비하는애들 전부다 무단조퇴긋고 학원가는데 지만 아주 편하게가네,
저게 학생이여???,
학교 맨날 간다고 좋은거 아니다.자기 할일은 한다음 학교가 공부하거나 친구하고 노는 거지.졸업장은 하루 등교하고도 학교가 줄 수 잇는 거고 시험성적 조작같은것만 하지 않으면 되지.,
한마디로 웃긴 판이다.순실이 누나나 빨리 잡아라 시간보내기하지말고.,
쓰레기 목사 손주입니다. 내 이름은 정유라. 엄마이름은 최순실. 아빠는 누군지 몰라요. 씨가 달라서.,
"누구탓을 하겠노!? 저따위로 키운, 길들인 사람의 잘못이지.. 어디가서 대우받는 법을 배우고 머리 조아려주니 좋은거지..",
이 기집애가 커서 또다른 땅콩밭을 일구게됩니다,
애미나 자식년이나개 엿같이 하네 짱난다 개욕먹어봐라병신 같은년들ㅇ?,
빨리 잡아다가 구속시켜 c8,
누구랑 살지 걱정이구만,
야가 한글은 알라나?,
이게 말이되고 가능한거에요??,
이런데도 정윤회도 비선실세아니라지 최순실및 기타 비리주범들은 증거인멸하고 도주중이지 내시들은 매일 회고록종북물고늘어지지 대통령은 답안나오니 극구반대하던 개헌하신단다 국민80%이상이 대한민국 위기라하는데 구한말도아니고 이게 뭐니 다음세대들이 잘살수있게 위정자들이 애국심좀갖고 일좀해라,
이게 원칙을 주장하는 닥그네 정부의 원칙이냐 ? 할말없음,
"그럼 대가리 지식은 중졸수준이것네..하긴 말하는거나, 레포트, 시험수준이 이게 무슨 이대수준인가싶었다",
새누리당 과 새누리 추종자 . 닭 공주 전면 조사 하자 까도 까도 나온다. 지내한테 안좋은말 하면 종북 좌파 몰이 참으로 우습다. 닭 공주 도 비리 파헤쳐라,
흐미 잘못은했지만 그래도 언론 및 국민에 질타를 한순간에 받으니 엄청난쇼크겠구만...,
나는 학교 하루만 안나가도 큰일나는 줄알고 12년을 개근했는데 이아인 131일을...,
미국영화 보면 저런 사람들만 잡아가는 자경단이라는게 있다. 배트맨 같은. 우리나라에도 도입이 되었으면 한다.,
"세계어느국가에서든 정치적으로 어느정도 위치에오르면 법이됐든 사회적통념이됐든 모두비켜갈수있다~! 개엿같은 상황이지만 최순실 이냔도 국내에선 법적,사회적으론 이미 손댈수없는 위치에있는것같다~!! 전담수사팀???? 이대총장처럼 ""레포트도와드릴 언니보내 드릴께요""일껄 ㅋㅋ 개같은 바꾸네 ㅋ",
자식을 저렇게 키우니 문제만 일으키지엄마 참 자격없네,
"다른애들보다 나이가 많으니 학교 다니기 싫었을거야!!!어릴땐 그렇거든 그러다 보니 사고치고 ,,,지애미와 똑 같애,,,,,",
쓰레기통이다!! 더러운것만 자꾸 나오네..,
대.단.하.다 ㅋㅋㅋㅋㅋㅋ,
머리가 말 대가리네 ㅋㅋㅋㅋㅋㅋㅋㅋㅋㅋㅋㅋ,
박근혜 정윤회 최순실 정유라 최태민 우병우....파도 파도 계속 나오는 이런 종자가 한국의 대통령이라니...화가 치민다.,
말만 열심히 탄게 아니네. 다른 것도 열심히 탔나봐.,
근데 이렇게 다 터져도 저 양반들은 잘 먹고 잘 사실거다. 이게 울나라 현주소지,
북괴가 발행한다는 한걸레라서 진실성이 없다.,
고등학교 졸업장도 없던일로....!!!!,
인생이 조작이네..ㅉㅉ,
결석해도되네 !!! 전부 결석하자,
세계를 좌지우지할 인물인데. 다 까발렸네. 본연의 처지로 돌아와 현실감을 느껴봐야지.,
얘는 도대체..우주에서 온거니? 햐.. 정말 어처구니없는 집구석이네..,
고삘 때 빠우굴쳐서 애 쳐낳고 뒷구녕으로 드간학교는 땡땡이치고 십의할련 막장 뽀오르노냐? 존온나 웃기네 ㅋㅋㅋ,
닭치고 최순실 내놔라,
중고교 운동부 운동하는 애들이 학교에 오기는 하냐. 시험 때만 와서 한줄로 다 찍고 자는 건데 원래,
비단 정유라 얘만 그런건 아니고 운동선수애덜 공결처리하는건 기본사양 아닌감? 기자얌반 ㅁ기사쓸라면 자세히 실태조사 좀 하고 쓰슈,
지식은있기는할까? ㅋㅋㅋㅋㅋㅋㅋㅋ,
정신이 있는 년이냐?,
학교는 안가고 애마부인찍으러 다녔으니...... 대가리에 똥만찬게 확실해지지????,
완전 양파네.. 최순실 정윤회 우병우 온통 비리 덩어리들. 까면 깔수록 계속 나와,
난 얘들이나 땅콩회항이나 서로 욕 안하겠지? 재수없게 걸렸네 라며 서로 안타깝게 생각하겠지?,
와..파도파도 끝이없다 이제서라도 밝혀지려하는데 개헌한다고난리이신 이나라의공쥬님..,
지가 김연아도 아니고.. 무슨 공주도 아니고... 참나... 공권력에 학교서 다 알아서 해주네.,
조희연 교육감 누가 뽑았냐? 좌파 빨갱이 아니냐? 조희연이가 정유라 눈감아줬다면 탄핵감이다. 조희연 사퇴해라.,
정유라는 이대생들과 말도섞기 싫어하고 도망가 버렸는데 이제 전 국민들도 이대생들과 말 안섞고 정유라처럼 피하면 되는건가,
최순살 거칠게 항의.. 왜?,
그래서...권력을 잡으려고 하는겨...하다못해 근처에만 있어도...콩고물이 떨어지거던..,
오 나도 결석햇는데 누가 공결처리좀 해줬으면 좋겟네...이제 수시발표도 끝났는데....,
그 금메달이 단체전 잘하는 선수들 덕분에 받은 메달이잖아요 개인전이라면 꿈도 못꾸는 메달이죠,
"외국에 집도있다며,그러니 대한민국은 손을잘뻗어야돼 ,쌔가빠지게 일만하면 머해 아무것도 없는것을",
유라야 니가 페북에 돈이 실력이라고 했던 말 이제 이해가 돼. 하고싶은대로 편하게만 살았으니 세상이 얼마나 가혹하고 어려운지 알 턱이 있나. 근데 있잖아? 남은 니 인생은 조금 가혹할 것만 같다. 술래잡기 그만하고 그만 와라ㅋㅋㅋㅋㅋ이게 뭔 난리냐,
뭐 어린애가 젊어서 미혼모된것도각자 사연이 있으니 뭐라할것도없는데사람들이 비웃는건 남들이 노력하는시간에개인적인사정이야 어떻든 불이익이있음그것또한 감수해야하는데 엄마의 진상+아는 이모의 막강파워로 혜택다누리며살았다는거지~자기돈으로 호위호식하는거누가 뭐라안한다~하지만 권력을 휘둘러기업 삥뜯어서 호위호식하는거면 얘기가 다르지~기업주주들과 그물건팔아주는소비자들까지 국민들이 얼마나 황당한지,
인생 존나 편하게 살다가 이제 조금 ㅈ되는 경험을 하게 되는구나... 아직까지도 근혜이모가 비호해주려고 나대는거보면 미안허지도 않냐 ㅋㅋ,
일개 학교 학생이 결석한 내용을 교육청관계자가 저리 잘알까? 일반학생이였어도 그럴까?,
닭부터 잡자. 10자,
이제 교육청까지ㅋㅋㅋㅋㅋㅋㅋㅋㅋ 과연 끝은 어딜까,
공식 직함도 없는 사람들한테 나라가 휘둘리네 아주 짜증난다,
온갖 비리의 종합백화점이구나?비리 부패전문가 답다.싹수가 노랗다.,
고교도 졸업 못한거구만.......,
"진짜 이 나라의 수치다. 검찰은 정유라, 최순실 그리고 이것들을 비호한 놈들까지 전부를 구속하라.",
독일에서 조용히 애나키워라~얘도~유승준처럼 한국 못들어오게해~~~~,
승마를 잘하나봐요 뭔 관심들이 그리 많아 애 어쩌고 저쩌고 하는 거 보니까 임자 있나벼 신경들 꺼 눈은 높아가지고 이대다니고 승마한다니까 관심들 무쟈게 많네요 떡 줄 사람은 생각도 없는디 김치멀국 먼저들 마시지 맙시다,
승마협회도 조사 들어가나?,
"완전 위아래 모두가 개판이구나!!!!퇴학을 당해도 열두번을 당할 뇬이 능력있는 부보덕에 팔자도 늘어지는세상이 대한민국 상류층이구먼!!!하기야 부모 잘만나는 것도 능력이라지?????쓰바뇬,,,,",
임신하느라 바쁘셨나보네.,
정유라 2015년 5월달에 아들 출산했으니깐 고3때 임신했다는거네..그래서 자연스럽게 결석하고 그나저나 나이 몇살 속였을까나 ㅎㅎ,
최씨 할매 소문은 조사가 될런지...ㅡㅡ,
전설의 포켓몬 같은년이네,
OOO들을 하고 있구나!,
너무나 분노가 치민다.대한민국 고등학생과 학부모라면 지금 어떤 마음상태일지...,
뭘 제대로 한게없네...아! 애는 제대로 낳은건가?,
애를...벌써......말하나는 기가막히게 타나봅니다...ㅌ,
대박~~!!! 세상이 이렇네,
지시받은애들 처리할생각말고 지시한애들을 조사해라.,
개한민국의 상징적인 것들... 사회를 병들게 하는 완전 OOO,
공주님이 학교 나가기 싫으시다는데 학교가 재량껏 그것도 못해줍니까,
세상은 요지경요지경 세상이다.한숨만 나오네..,
의혹을 개헌 정국으로 피해가게 하지 말고 용의선상에 있는 암수컷들 DNA를 조사해서 명명백백히 진상을 규명해야 한다. 하루에도 수백개씩 빠지는 베개위의 머리카락 수거하는 거 뭐가 힘드냐. 더불어 세월호 수장 7시간 직무유기는 검찰조사가 필수이다.,
그냥 취미로 하는군.. 승마해서 돈 벌려로 하는건 아닌거 같고... 그저 취미생활,
엄마를 보면 그딸을알지 ㅆ ㄹ 기,
알고있는비리는 다 너희 모녀가 갖고있구나^^축복받은 인생 ㅋㅋㅋㅋ,
애기공주님.......출산해서 18개월된 태자님과 같이 있다며.....머나먼 타국땅에서 국경선 월짱하시느라 고생이 많으시네 ㅜ ㅜ,
고등학교때 19일 결석이면 그달은 출석 안한거나 마찬가진데..병원다녔겠네..저정도면 중딩수준에서 교육이 멈췄겠네 ㅉㅉ..한심하다,
뭐 이런 나라가있지? 쥐닭 집권 10년동안 정말 우리나라는 부정부패천국이되버렸다.,
"저런 미치인 녀이 당당할수 있는 이나라,마치 독재시절을 느끼게 한다.",
얘는 뭔데 모자이크처리해주냐?ㅋㅋㅋㅋ 김치국 인권대다나다,
고등학교 출석은 강력항의로 대체 대학교는 문자로 대체....희한한 출석,
근데. 말은 정말 잘타긴 하는거냐?,
애마부인이었구만~~~~♡♡♡♡,
이야 어마무시하네 급이 다르다 급이.,
공교육 망했다 해도 얘를 보니 공교육의 중요성을 알겠더라ㅋㅋㅋ 입 열때마다 머리텅텅인증ㅋㅋㅋ 싸가지 없으면 성실하기라도 하지ㅋㅋㅋㅋ,
갈수록 가관이군요~에휴ㅠㅠ,
일제압잡이나 저것들이나 다를게 무엇이더냐...드러운세상 엿같은 그네정부,
돈많은게 자랑이라더니 부모가 돈 많은게 힘이라더니 어째서 돈도 힘도 다 가진 대에단한 분이 정상적으로 결혼을 하고 임신을 해서 축복속에 출산하는 일륜지대사를 어디 시궁창 흙수저도 안할 미성년임신에 애비없는 자식을 낳아 학대하는 막되먹은 짓을 한건지 궁금하다 정말. 이래서 졸부는 졸부일 뿐인거라고 격떨어진다 무시하는 건가? 가정교육 진짜 어마어마하구나,
저렇게 돈쳐들여 시간쳐들여 공들였는데 승마 세계랭킹 1위 해야지...,
요즘 특기생으로 대학가는 고3들둔부모님들 잘 생각해보세요 당신의 자녀는얼마나 출석을 잘하는지요?,
국가대표 된 과정도 따져봐야된다 분명비리가 있을거다,
김연아도 아이유도 다 출석일수 미달인데 졸업장 받은 건 왜 말을 안 하지?연예인이나 운동선수들 학교 엄청 빼먹는 거 우리나라에선 흔한데?유독 한 사람에게만 다른잣대를 들이대면 안 되지.,
대박이다..지가 무슨 공주도 아니고..대한민국이 조선시대로 돌아가는듯..김연아선수도 경기때문에 출석못해서 F학점 맞았다는데..대단하십니다..,
몬생겻는뎅ㄱㄱㄱㄱㅋ ㄲㄱ,
안부럽다 개망나~쓰레~ 부모힘으로 자라는 무능력자,
아이 쉽발뇬 쌍판떼기 보고십네,
정유라 최순실 쓰레기 다 버려야 합니다. 개한민국. 한 명 추가 닭년.,
저리키우고 멀바라냐 애미 딸 개구녁들이군,
그럼 엄밀히 말해서 고교중퇴네? 저 모양인데 중학교라고 제대로 다녔겠냐만은... ㅉㅉㅉ,
"""순살치킨"" 입에 물고 가니, 교장이 겁먹었군...",
나는 왜 학교 일주일 안나왔다고 정학처리 했지 젠장 누구는 4개월이상 학교 안나와도 별문제 없고닭공화국은 월래 그런건가요?,
개판이구나~~~이 나라가 왜 이리 된겨???,
욕안하고싶은데 정말참을수가 없구나ㅜ나라가 정말 진정 개판이야 경제는 최악으로 만들어놓고,
거슬러 올라갈수록 흥미진진해지누만... 네버앤딩이네.,
2014년에 임신해서 그런거아님?,
참 딸래미 특이하게 키웠구나. 그러니 그 모양이지.....나중에 어떤 남자 힘들겠다.,
순실여왕님의 공주분 대단하구나 ㅋ 바지대통령이 왠지 측은하군,
원래 승마라는 스포츠가.. 사람 기량은 별루 필요가 없음...10 30억 이런 말들은 지혼자 아라서 다함..그만큼 훈련되어 있고 기량이 있기 대문에 수십억 하는거... 진짜 극단적으로 100억대 명마타면 초등학생이 한달만 기본기 잡으면 아시아권 수준에서는 아무나 매달땀...,
애마부인ㅋㅋㅋㅋㅋㅋㅋㅋ,
ㅋㅋ 왕처럼 살았네 에라이,
모자이크 왜해ㅋㅋㅋ다아는데,
"고려시대: 문벌귀족, 권문세족조선시대: 안동김씨, 풍양조씨현재: 최순실, 정유라",
고등학교 정규수업일수가 205일인데 체험중간기말이런거 다 빼면 180일이 안된단다...그런데 131일을 결석했으면 월 당 4일 등교했네.....................일반인이면 가능할까?,
한심한 나라다.ㅉㅉㅉㅉㅉ,
일반 시민에 입장에서 대단하다 라는 말 밖에는 할 말이 없네.. 저런 부류들이 대한민국에 얼마나 많을까 싶다.,
태평천하란 소설이 떠오르네...,
황당해서 말이 안나오네.쟤는 이제 평생 숨어 살듯,
"그려ㅡㅡㅡ 니 말대로 부모 잘 만난 게 100퍼 진실이네,, 아니면 지금 네 꼬라지가 어땠을까?? ㅋㅋㅋ쓰레기 같은 짓거리는 혼자 다했네,,ㅋㅋㅋ",
참..가지가지한다...,
인생참 편하게산다 너가 하고싶은걸 다하고 좋은 대학가니깐 좋지?,
뭐하러 모자이크를 하나? 어차피 얼굴 다 알려졌구먼,
아진짜 어이가 없다,
막장이네~~~~~왜사니? 돈OOO 부패놀이하려고 사니?,
졸라 못생겼는데 돈때문에 남자가 꼬이나보다그것도 실력이냐?,
모자이크좀 치워주세요!!,
김연아는 학교 출석 다했는지 함 밝혀봅시다 .스포츠메달감들은 다거기서 거긴걸로 아는데?,
혹 고3때 임신을...?,
도대체 그 학생이 누구 길래?진정한 뒷 배경은...?,
ㅋㅋ 근데 이 애 얼굴 내가 봤는데 진자 안이쁘더라,
아니 저런저런 미혼모였어??,
운동선수것들과 연예인이란것들도 각 중고등학교나 대학교 출석전수조사한번해봐라.....아주 가관들일꺼다 ....운동선수나 연예인것들 옛날부터 오전수업만받던가 아님 시합때문에 촬영때문에 수업거의빠진다.....이런것도 같이조사해서 좀 모두밝혀라..연예인이나 운동선수들에 행태를,
말잘탄다...엄청 잘탈듯....허리되게 유연해야할텐데.... 엄청 잘나보이네...와우 같이 한번 타보고싶다....진심부럽...레알 하앍,
체육특기생들은 다 그러는거 아닌가?귀가대표급 체육특기생은 운동하느라 수업안들어오든데,
지금 유라는 외국에서 ''돈도 빽도 없는것들이 지X들 하네'' 하겠군.....,
김치년들은 사회 악이다.이것들 군대 보내야하는데...???? 미아리촌가서 괴롭혀주마...기달려라.,
정말 대단하다 최순실에 정유라에 이 두모녀 때문에 국가파행에 희고록파문에이제는 개헌논란까지 터져나와 이 두모녀가 벌인짓 감춘다고 아주 정계자체가혼란일세! 하하하..참...,
작년에 애 낳았으면 고3때 임신했단 얘기네... 참 급하네...,
개헌말고 그래서 최순실은?,
혼전출산도 유전인가?,
눈이 고딩때보다 많이 커졌든데... 뭘 또 우찌 고칠랑고... 그럼그렇지 우째 20대 초반으로 안보이드라.. 아 응애예요~,
"자 얼굴이 20세란다 성형 휠러 감안하면 서른 중반이다 넌 대체 누구냐,",
"◈[RHG®""좀비 헬조선 칠백년]◈:?결론""진정성(眞情性):지진,북핵,태풍보다 더 무서운=인재人災!!?부모가 비정상이면 자식도 비정상이다.(박쩡이,쩡주영등)◑개돼지들=휘발류,담배세등 빚더미>로또음주>동반자살中.?국가주적:고위공직=매국율98%:國內테러中""◑최고의 안보,경제=공직자""청렴결백!""?돈판돈검≫배심원제""전면실시""?통일고려≫남북""정신교체""(인간교육=참역사=고려史=고인돌=우리중심)⇔韓國史+한단고기=(중국+조선 좀비)?中國성씨97%(조선창씨개명세습법=성명法+中國 韓+태극기:""전면폐기!""?본래,고려인=인디언 상태.◀참역사 著▶",
"최순실이 비리가 있으면 처벌하면된다,,근디 좌뿔들아,,,학생까지 너무 매도 시키지 마라,,",
"야 적당히들 해라,,개인 사생활은 보호되야 한다,,잘못은 에미 최순실에게 있다,,그러니까,,정유라 고마 까라,,",
잔인한 좌빨들이군. 의혹만으로도 한가정의 사생활을 파괴시키는 폭행을하고 있군. 이러고도 민주언론 운운? 하지마라. 사가지 없는 좌빨선동언론들,
너 누구 딸이야? 최순실 딸 맞지?,
메달딴 모든 선수들 다 그런 것 아닌가요. 이런 것까지 씹으면 오히려 정유라는 살아난다.한겨레도 답답하다. 최순실 정유라 신문이다.,
가장 평등해야 할 교육이 개박살 나는구나. 이게 민주사회냐 미.친...,
의혹 기사라는게 크라스가 이쯤되면...파도 파도...까도 까도...나올게 없다는 방증이네...하긴 뭐...독일까지 처가서 남의 집 쓰레기통이나 뒤지는 색히들이니...하는짓이 갈수록...졸라 애잔해지네...니들 개솔땜에...지금 잔잔하게 역풍이 불어 상황이 반전되고 있는게 느껴지노??,
"""지록위마""의 권력을 가진 검찰의 99%가 양아치라면? 돈·빽없는 서민들이 양아치 지록위마 검찰에 이 시간도 얼마나 고통받고 있을까? 검찰 가족·친인척·돈패밀리 들에게..이런 검찰을 누가 견제할 수 있는가? 공수처? 그 넘이 그 넘이지^^ 꿩잡는게 매라고..경찰에게 수사권 전부, 기소권 일부를 주어 검찰을 견제하는 것이 효과적임. 경찰은 검찰에게 견제를 받게 되어 있으니 말 할 것이 없고, 검찰과 같은 계통상에 있으면서 소속은 다른 경찰이 검찰을 견제해야 효과적임. 경찰의 수사권 전부, 기소권 일부 행사 이것이 정답이며 해법이다.",
비리공화국... 참 말이 안나온다 어이가없네,
근데 중고딩때 운동부들은 학교 원래 안나오지 않나? 쟤 감싸는게 아니라 맞잖아,
운동선수들이 수업 안 받은 것은 기사거리도 안 된다.,
"유라덕에 7공화국 이 열렸네, 이대총장교체는 양념의 불과하고.",
말타는 이유가 있네,
정유라 이대가 뭐 대단한 대학이라고 거기 매달리뇨? 원래 너처럼 부유한 아이들이 가서 놀다 시집 자알가는 곳으로 전통이 나 있긴하지만. 까이껏 줘버려라 너정도면 이대 졸업장없이도 말탈수 있쟎여? 졸업장이 뭐 그리중요하뇨? 달달이 암기녀들에게 던져 버려라. 사생활 다 쑤시는 인간들이 너무 더럽다. 그들 또한 인생의 F 학점 짜리들이다.,
"나라도 개판, 집안도 개판.....",
어이구 기자운동선수다 금메달 선동 먹히는거같지만 누덜 고생많다,
말세다. 말세! 국민세금을 저런 골빈것들한테 도대체 얼마나 가져다 바쳤꼬?,
그럼 금메달따고 고대 입학한 김연아 특혜도 다 조사해야지? 안그려? 캐나다에서 훈려하면서 고대 며칠이나 다녔는지 조사해봐야져. 그래야 공정룰 게임이 되는거져 연아도 조사좀 합시다,
이제...고졸되는건가?? 이대 특기생 수준이 이 정도라니..ㅋㅋ,
못된년...............,
정말 하루가 멀다하고 올라오는군. 짜증난다. 그만치워라! 정말 더러운 인간들기사 보는것도 지겹다.,
고3때 131일 결석한게...씨..바...최씨 비리란다...이쯤되면 니들 진심..쪽..팔리지 않냐?? 날마다 기사가 이 모양이니..니들이 썰 푼게 이제는 부메랑이 돼서 돌아 오고 있다..니들 스스로 비리 의혹 크라스를 이따위 저질로 낮춰버리니..많은 국민들이 이젠 니들을 조롱하며 손가락질하고 있어..이따위로 선동질하면..대한민국 예체능 계열 학생들..걸리는 얘들이 부지기수..니들 진심..뭐하자는거냐? 해도해도 안먹히니 이젠 막 가자는거니? 악다구만 남은거니? 단언컨대...문재인..대통은... 물건너 갔다...이건 확실하다...,
운동선수들 전부 거른것안이요 공부를 가러치요 운동하는 애들 돌대가리 안이요 정유리도 돌대기리다 짜르면 되지 왜못짜르요 이대도 정유리 퇴학식혀라 개속적으로 과거를 들추는것보다 확실하게 짤라라 법에 어건나면 가차없이 하는것이 법안이요 검찰 법원은 정식대로 하세요 혹시나 국회의원 천거하면 이른식으로 법물먹는 분이 국회의원 나오면 절대 찍지맙시다 더러운분이 법물먹는 분이다 정의가없다,
현대판 공주...? 저 모녀가 구속되는 장면을 보지 못하면 지금 아픈 배가 낫지 않을 것 같아 ㅠㅠ,
키야 부럽노ㅋㅋㅋㅋㅋ 난 공부해서 대학갓는데,
ㅋㅋㅋㅋㅋㅋㅋ 최순실의 최후의 수단 개헌..........하아..,
득남을 축하해요 ^^,
하여튼 권력을 등에 없고 못된 짓은 다 했구나,
출산율 떨어지는 헬조선서 출산한다고 도은듯... 그냥 웃는다 염병...,
"근데 이게....정유라 만의 문제는 아니지...우리나라 스포츠 및 체육관련 분야의 비일비재한 일이였지...프로랑 국대들이 쉬쉬 할뿐....나 중학교때 축구부, 레슬링부 친구들도 수업 많이 빠져도 저런거 많이 했는데...정치적 문제를 떠나서 좀 바ㅤㄲㅝㅅ음 좋겠음....축구 국가대표도 아직까지 외국인 감독 뽑는 이유가 뭔지는 다들 알고 있잖아...고등학교 야구부는 홈런하나때리면 100만원씩 학부모회원들한테 돌리던 학교도 많았고...진짜 애들이 평등하고 공정하게 교육받을수 있는 환경좀 만들어라...그리고 군대처럼 만들지좀 마...제발..",
병...맛...들아...까도 까도 나오는게 없다고...그냥 실토를 해...크라스가 박원순 정돈 돼야지..딸래미 하나 있는거..박다은이라고..얘 학점도 별로인 얘가...서울대 미대서 법대로 전무후무한 전과를 했다잖아..전과 신청자중에 얘보다 상위인 아이들 다 제치고 말야..아무리 뇌 털린 좌좀들이라지만..니들이 봐도 이상하지 않냐? 그리고..지금은 그 물가 비싼 스위스 제네바서..누가 대주는진 모르겠다만..전액 장학금으로 생활한다며? 같은 형평성으로 제대로 털어봐..과연 어느 누가 진심 후덜덜한 크라스인지..까보자고...,
승마협회도 조사해라 썩은 곳이다,
한걸래가 진정한 빨갱이네 거의 매일 아니면말고 기사를 내보내서 선동하고 북한 사이버놈들이 양념처서 인기글 만들고 까고 정말 나쁘다 이정도면 거의 광적인데 이걸 언론사라고 할수있나 더문제는 이걸 아는사람이 많이 없다는거,
너무 뭐라하지마라 노력파다 실력이 안되니 밤에도 말타기연습하다 애 생긴건데,
얘야 유명세 치르니 이렇게 다 나오지. 안 밝혀지고 잘 사는 애들도 많을꺼다. 특히나 특기생으로 대학 가는게 다 뒤지면 뭐... ㅋ ㅋ ㅋ ㅋ,
131일 공결? ㅋㅋㅋㅋ 아주 권력자 특혜로구만.,
왜 정유라는 죄다 모자이크여?,
아주 비리덩어리 집안이구만,
좋은곳에 있다고 자신이 좋은 사람이 되는게 아니라고요.,
"닭대가리 아이큐인 년도 있고, 말대가리 아이큐인 년도 있고.",
쌍판때기는 왜 모자이크 하고 그랴~ 걍 공개좀 해~~~,
"고교도 안다니고 고교 졸업장 받아, 아시안게임 금메달도 가만히 있다가 받아, 이대 합격증도 받아, 독일 집도 받아... 그냥 집 세수만 왕창 하면서 사니 좋아?ㅋ",
무엇을 탔는데 애가 생겼늠고,
성형해도 얼굴 개빻았음 성격도 ㅈ 얼굴도 ㅈ 이런년도 잘사는....,
돈보단 권력이 좋네..진짜...권력이 있으니...돈도 따라오고...대한민국을 지 꼴린대로 사네...,
대한민국이란 이름 버리고 순실국이라고 하자... 독재자급 권력자가 한국에 있었네..,
유라 왈 : 무능력한 니들 부모를 탓해라. ㅋ,
한국을 자기 맘대로 주물렀구만...박양과 그의 졸개들,
아따 우리 좌파는 건들지마소 박원순 딸이 뭐가 잘못있는가? 물타기쩌네 ㅋㅋㅋㅋ 이러냐?,
권력에 아부를 위하여 모든 질서를! 최순실 1인을 위한 로드를 만들었군......법과 질서를 팽개치는 과정에서 수많은 사람들의 아품이 절망으로 변했을텐데,
"무슨 승마대회를 131일이나?? 태권도, 골프 특기생들도 대회나갔지만 그녀석들 기껏해봐야 한달인데 ㅡㅡ 비리덩어리... 저 131일간 임신, 아시안게임 대표선발, 및 아시안게임 승마 단체로 금메달을 땃다 이거냐??? 단체전 금메달도 본인이 잘해서 딴게 아니라 잘한사람 못한사람 제외한 평균이더만 아오.....",
임신 출산....공결...이대입학....그리고,
"애미는 젊은 넘이랑 바람나서 애비를 차 버리고,,,딸년은 미성년자 꼬셔서 먹어 버리고,, 집안이 내력이네,,,,",
"돈이 최고가 아니란 걸 다시 한번 느낀다. 입에서 나오는 말이며, 행동이며 품위는 찾아볼래야 볼 수가 없네. 그래서 사람들이 집안을 보는 것이지 다른 이유가 있겠나. 돈이 넘쳐 흐르고, 권력을 마음대로 휘두르면 뭐하나 사람들에게 존경은 커녕 욕이나 먹고 있는데. 본인은 돈 많으니 질투받는다고 생각하겠지만. 오~노!다 진짜.",
이대 갈 수준이 아주 못미치겠네 미분 적분 근처도 못가본 애를 이화여대에 쑤셔 넣다니...,
머리속은 텅텅 비었겠네,
해외로 간 거 보면 딱 봐도 지 아들 군대 안 보내려고 한 것 같은데...,
참 운동도 잘사구 이쁜데 와 난리지?좌 좀들,
"갈수록 가관이구만 20살 아이엄마라!!그리고 이화여대 재학중!!어떻게된 집안이야.그러니 인터넷에 돈도 실력이야,너희부모를 원망해라!!어떻게 가정교육을 시켰으면 이런 막말을 쏟아내겠어요.모녀가 대한민국망신 다 시키고있구만.그게 누구 탓이겟어요?다 뒤에서 봐주는 돈줄,빽줄이있으니까 큰소리치고 활개치고 다니지.아이구 손가락 잘라버리고싶어^^이런 무능하고 부패한 정권을 만들어주다니^^^",
근데 난 이해가 안 가는게 야는 왜이렇게 승마를 또 하려하는지 모르겠네. 승마에 천부적인 재능이 있는거 같지도 않고 맞춤법을 봐도 공부머리도 안되는 거 같으면 그냥 자기 엄마처럼 모습 드러내지 않고 부귀영화 누리면 될텐데 뭔 승마에 대학에 학점까지 챙기고 있는지....,
출산장려를 넘일찍했네ㅡㅡ잡,
그 때부터 OOO들했구먼 저렇게 학교를 안나와도 되는모양일세,
최태민이가 마누라가 6명이었다는데 어린계집이 할애비를 닮었나 말도 좋아하고 그런거에 일찍 눈뜨는구나. 인생이 불쌍타. 인터폴은 뭐하냐. 젊은 기집뇬이 해외 고가 주택을 어캐 샀냐? 잡아들여라.,
언론도 너무 심하구먼 !!!!!까발리는 것도 사생활 침해는 하지 말아야지 .....밤에 몇번 했느냐 까지 까발리면 가자야 너는 몇번하냐 ????,
"모두다 바로잡는 조치하고 정리되고나면, 최종학력 중졸로 되는거야?",
나라 꼴이 완전 개판 여당이나 야당이나 대선 기권 인물이 없다 어차피 대통령 뽑아봐야 6년동안 또싸워 3억년동안 계속 싸울꺼야,
얼마나 권력의 비호를 앞세워 특권의식을 행사했으면 까도까도 끝이 없나? 평생 이렇게 살 수 있을 것으로 생각했을까? 전 국민에게 부끄럽지 않나요? 내가 대통령이라면 완벽하게 끝까지 파헤쳐서 지지율 25%를 만회하겠다. 1년 남짓 남겨놓은 대통령이 뭐가 더 아쉽고 필요할까? 주변 봐줄 생각 말고 깨끗하게 내려놓고 주변 정리를 하는 것이 옳지 않을까?,
금수저 물고 태어나서 인생 후지게 사네.....,
이대녀 -> 중졸 위기,
참 부모 빽이 좋네...고등학생이 임신+금매달+이대입학+출산+돈줄재단설립....일반인들은 이중 1개만해도 성공인데..,
어린애가 엄청 발랑까져가지고 돈만 많으면 뭐하니 겁나 싸보여,
부모한테 흡족한 아이로 길러지다가 비뚤게 엇나간 듯. 애가 무슨 잘못임 최순실이 오냐오냐하며 키우고 학교비리도 만들었겠지 에혀,
갓난아기 정체는 대체 뭐냐 졸라 궁금하다.,
IS에 최순실이랑 정유라랑 관련된것들 팔아버리고 싶네 ㅋㅋㅋㅋㅋ,
이 인간이 남자였다면 군대 갈 일도 없었겠지만 만약에 군대 간다해도 21개월 중 15개월을 휴가로 끝냈겠네...,
저건 그냥 학교 안다닌건데 ㅋㅋㅋㅋ 평일에만 오일 나오는건데 ㅋㅋ 조퇴도 햇겟지 지맘대로 ㅋㅋ 가증스럽다 누군 아파도 학교가고 늦으면 병원까지 들렷다가고 그러는데 대학갈려고 ㅋㅋ 쟨 대학도 가고 쩌네~,
유급 시켰어야지 학교가 놀이터냐?,
혹시 최종학력이 초딩입학 밖에 없는거....?,
이거 양파를 까도까도끝이없고 흙을 어디까지 피야지 나라꼴 잘돌아간다ㅡ,
아이 만들고 낳는라 바빳겠지~ 말해뭐해~! 저출산률을 생각하며 우리가 고뇌하는 동안 직접 몸소 실천해서~ 노블레스 오블리주 정신을 이어나가는 저렇게 훌륭한 인재가 있는데~! 앞으로 밝은 미래를 준비하라고 대기업들이 십시일반 자금모아서 재단도 만들어주고~! 얼마나 아름다운세상인가~! 살기좋은 대한민국아니겠냐~! 나같은 서민들에겐 헬조선이지만서도.ㅎㅎ,
한국 실세들? ㅋㅋ대통뭐하세요?,
모자이크 처리왜함?,
"모자이크 좀 벗기자. 누구 닮았나 보게, 누구의 DNA를 받았기에 국가적으로 800억씩이나 모금해서 지원을 했을까? 정말, 진짜로 궁금하다.",
쟤랑 같이 대회나갔던 애들도 131일씩 결석했나 조사해봐. 그럼 답 나오겠지. 그리고 운동부애들 담임한테 얼굴찍고 가. 결석 거의 안해 대회 기간중 아니면. 연습많이 해야 되면 오전수업 듣고 담임한테 얘기하고 조퇴를 하지 쟤처럼 학교를 아예 안나오고 대회끝나고 10일씩 학교 빠지진 않으니까 운동부 애들이 거의 다 그렇다는 둥 개소리 하지마라. 쟤가 무슨 승마 때문에 세계로 돌아다니는 것도 아니고 131일이 말이 된다고 생각하니.,
어릴때부터 너무 말만많이타면 다리(가랭이)벌어집니다 적당히 타세요,
아기를 빨리 만들었네,
댓글들 보면..운동선수 원래 학교 많이 빠진다고 하는데..어느학교가 그렇게 빼준답니까? 아침에 훈련하고 조례전에 들어와서 4교시까지 수업하고 오후에 훈련가던걸요. 내가 다닌 학교만 유난했던건가요? 청소년 국가대표인애들도 있었는데..그렇게 안빠지던데요. 알 수가 없네요..정말 고등학교 어딘지 궁금할따름..,
밥맛없게 생겼어 애미나 딸이나 돈이 아무리 많아도 원판불변의 법칙인가 보군 여전히 토나오게 생긴거 보면 눈을 어찌나 찢어놨는지 눈두개가 붙을라하두만..무당아니랄까바 무당같이 생겨가지고는 이렇게 ㄷ까발려지게 될지 미리 예언 못했나..금방 사그라들거라는 예언이 있나?,
쟤만 저러겠냐? 얼마나 많은 고위공무원들이 저러겠냐? 그런데도 내신제니 입학사정관제니 부르짖는거 보면 딱 답나오는거 아닌가?,
혹시아나? 중학교도 초등학교도 까보쇼~ 그때도 그랬으니 맞춤법이 저모양이지~~ 응????,
말세다..말세.. 이 어줍잖은 인간을 수백억씩 갹출해서 지원 한다는게...,
네이버 보수 성향 사람들까지 이렇게 욕하는거 보면 진짜 개 노답상황이라는건데.. 새누리당 정치인들은 얼마나 ㅈ같을까 ㅋㅋ 비박들은 친박때매 대선 물건너간다고 한탄할듯 ㅋㅋㅋㅋ,
학교를 저래 안나가니 맞춤법도 모르고 글쓰는능력은 초등학교 저학년 수준이고,
3학년 때만 확인한거면... 1년 정규 수업일수가 220일이 안되는데...131일을 결석하면 100일도 채 출석을 안했다는건가요? 음....................4.5.6.7.9월은 특히나... 한달 수업 20일(4주)면 한달에 하루 에서 많게는 5일 출석이란 이야기... 정말 답안나오네요...,
리얼학력은 중졸이구만~ ㅋㅋㅋㅋㅋㅋㅋㅋㅋㅋㅋㅋㅋㅋㅋㅋㅋㅋㅋㅋㅋㅋㅋㅋㅋㅋㅋㅋㅋㅋㅋㅋ,
대한민국은 지금 무한대로 까고 까도 또 까고 깔 수 있는 양파를 보고 있는거야.,
까도까도 양파같이 계속 나오네... 재미있구만..ㅋㅋ,
"근데, 공결이 뭐에요???????",
단체전에서 금메달 따고 개인전에서는 하나도 딴거 없다고 했음 ㅋㅋㅋㅋㅋㅋㅋ 애아빠 누구냐 진짜 궁금하다,
"요즘 정유라 애낳은게 이슈가 되는데 여러분들 현혹되면 안됩니다. 본질은 박근혜와 순실이지 저여자 애낳는 것은 그냥 스캔들 수준의 물타기입니다. 비슷한 예가 있었죠, 세월호때 박근혜 아무도 모르는 그녀의 7시간이 박근혜 불륜스캔들로 희석됐습니다. 박근혜의 비리와 직무유기가 그런 3류 소설로 물타기 되면 안됩니다.",
참 어리석은 인간들. 운동선수들 출석 잘 안하는것 모느나? 이런 어리석은 백성때문에 중세에 마녀사냥이 가능한거지. 본질적으로 문제되는 글적고 반응하는 현명함이 필요하다.,
"집안이 콩가루니, 가정 교육이 제대로 되었을 리가 없지.",
고3때 애 가졌으니 출석은 무슨,
학교결석하고 지애미랑 해외여행 다녔구만...ㅋㅋㅋㅋㅋㅋㅋㅋㅋㅋㅋㅋㅋ,
이것들 모녀는 세상을 지맘데로 떡주물르듯 조롱하며 원하는데로 안되는것 하나없이 살았구나...물론 방법은 개판 5분전있지만 현실은 권력으로 누르니 안되는게 없었겠지.,
원정출산이네 ㅋㅋㅋㅋㅋㅋㅋㅋㅋㅋ 내말이 틀림없다. 돈없고 생각없는 무식한 서민들만 좆1빠지게 헬조센에서 애 놓고 산다니까 ㅋㅋㅋㅋㅋㅋㅋㅋㅋㅋㅋㅋㅋㅋㅋㅋㅋㅋㅋㅋㅋㅋㅋㅋㅋㅋㅋㅋㅋㅋㅋㅋㅋㅋㅋㅋㅋㅋㅋㅋㅋㅋㅋㅋㅋㅋㅋㅋㅋㅋㅋㅋㅋㅋㅋㅋㅋㅋㅋㅋㅋㅋㅋㅋㅋㅋㅋㅋㅋㅋㅋㅋㅋㅋㅋㅋㅋㅋㅋㅋㅋㅋㅋㅋㅋㅋㅋㅋㅋㅋㅋㅋㅋㅋㅋㅋㅋㅋㅋㅋㅋㅋㅋㅋㅋㅋㅋㅋㅋㅋㅋㅋㅋㅋㅋㅋㅋㅋㅋㅋㅋㅋㅋㅋㅋㅋ,
정유라가 누구여?듣보잡~~,
잘못한것은 잘못한것이지만. 먼지 털어 먼지나면 난리 법석 떠는 인간들이 너무 많아. 생각이 너무 짤은 솥뚜껑 기질. 조금 한심하다 이 글이나 반응이나 ㅎㅎ.,
연예인들은 화장실에서 한다든데 ~ 애 는 같이 말타면서 ~ 말 위에서 했었나 ??? 애마부인 !,
승마협회는 박근혜가 뒤를 봐주고 있어요,
유라야 박타지말고 말을타야지,
선수들은 원래 그렇게 하지 않나요. 아마 대부분 그럴 것 같은데.. 이미 불법적인 것도 충분히 많을 테니 사소한 것은 그냥 두죠.,
사건해결의 승패는 증거확보와 용의인사들에 대한 신병확보인데..검찰은 기자들이 수없이 취재해줘도 이미 시기를 놓쳐 미제사건으로 갈 가능성이 커보이네... 특검만이 해답이다.,
돈받고 잠수 탔을지 유병언이 따라 갔을지,
니 손주 걸릴까봐 ㄱ ㅐ헌까지 들고 나온것이야? 아주 발악을 한다. 자충수가 되었구나,
니 애1비가 누구니~?,
가난하게 살아도 부모 존경하며 살면 아이는 잘큰다. 반대로 부잣집이라도 부모소양이 갖춰지지 못하면 아이도 잘 못큼.. 최모씨 딸 정모씨가 그 예인듯,
조금 냉정하게 본질을 조사하고 파고들자. 김연아 박태환이는 제대로 출석하고 졸업했겠냐?의미 없는 이딴것 말고 진짜 문제되는 것 조사해서 발표해라,
옛날에 유명 음대 갈때 비싸 하프한대 사가지고 들어가면 입학이라는 ...승마도 그런가벼,
승마실력은 조작아니고 진짜로 딴거 맞소? 그것도 파보시길,
승마라는게 이게 ....정유라를 보면 ....성악하다가 승마선수로 성공한다는게...선천적인 운동신경이 없어도 되는가봐~~ 그저 비싼 승마를 한필사서 ...대회가서 상타고...,
친구없네~~~학교갈 힘은 없고 애낳을 힘은 있었니??? 세상에..결석을 저렇게 많이 하고 이대는 돈주고 가고...개판이네...전설로 남겠다..애아빠도 멍청할듯...,
애아빠? 그건 또 뭐임?ㅋㅋㅋ 뭐시 자꾸 터진다잉...ㅋㅋㅋㅋ 조금씩 조금씩 터트려주세용~,
뭐든 타는거만 잘 하겠구나..ㅎㅎㅎ,
양궁부 있는 학교 나왔는데 애들 방과후에 연습하고 대회앞두고 연습많이 해야되면 오전 수업만 듣고 담임한테 얘기하고 조퇴함. 결석하는 경우는 대회 직전 아니면 거의 없다. 아시안게임 빼면 합숙도 말이 안됨.대회 꼴랑 2개나가고 131일 결석이 상식적으로 말이되냐. 그리고 대회끝나면 그 다음날 전부 복귀하지 애엄마처럼 10일씩 결석하진 않는다. 쉴드칠껄 쳐라. 쟤랑 같이 대회 나갔던 애들도 결석을 131일씩 했나 조사해보면 답나오겠네,
맨날 애마부인 기사냐 이제 지겹다 ㅡㅡ;,
어쩐지 맞춤법이고 문맥이고 수준이고 초등 중퇴 같더라니.. 초등 수업부터 등한시하고.. 실력도 인성도 행실도 천하 쌍것인 최순실 정유라.,
나이어린 승마국가 대표인 정씨의 풋사랑으로 뜻밖에 임신과 출산을 하자 현정부의 출산 장려 정책에 호응하여 대기업들이 800억원의 거금을 출연하여 정씨가 안정적으로 편안하게 해외 육아에 전념할 수 있도록 도우려 한 정황이 드러나고 있습니다.ㅎ,
애아빠 신씨래 신씨 완돈 개판집안 훌러덩 벌러덩,
학교는 안가고 남자친구랑 일찍 만나서 아들 출산하고..이게 일반인이었으면 ㅋㅋㅋ 결석으로 졸업도 못했겠네. 인성이며 이아인 돈 없으면 아주 망하겠구나. 정유라 이름 알려졌네. 이화여대 비리 ㅋㅋㅋㅋ,
성적의혹은 충분히 까야지 !! 그런데 이번사건이랑 애는 무슨상관이인데... 진심 어처구니가없네 깍아내리는거 보면 입방아 죠져버리고 싶을정도다,
답은하나네.세월호때처럼손잡고자살하는거,
학교에 운동부도 수업 안하기는 마찬가지 아녀?,
옛날말에 윗물이 맑아야 아랫물이 맑다 했다. 참 거시기한 집구석이네,
최순실 씨 모녀가 살고 있는 것으로 추정되는 독일 현지에서 이들이 갓난아기와 살고 있다는 증언이 나오는 가운데 딸 정유라 씨가 지난해 말 독일 현지에서 고교 시절 한때 승마를 같이 했던 것으로 알려진 신모씨와 비밀리에 결혼식을 올린 것으로 확인됐다. 지난 22일 삭제된 것으로 추정되는 정 씨의 페이스북 계정 ‘유연’에는 한 남성과 키스 장면을 찍은 정 씨의 사진이 가장 최신 게시물로 올라와있었다.,
"임성한 ""거... 이거 해도해도 너무한 막장인거 아닌가요? """,
얘는 참 인생 쉽게 사는구나,
유라는 말을 탄게 아니라 그네를 탔어요. 나도 놀이터가서 그네타고싶네,
"""정씨가 지난해 10월쯤 아동학대 의심을 받아 독일 헤센주 보건당국의 방문조사를 받았다""고 전했다. JTBC 보도에 따르면 정씨가 좁은 별채 공간에서 갓난아이와 개 15마리, 고양이 5마리를 함께 키우는 것을 목격한 이웃 주민들이 (갓난아이의) 불결한 생활을 걱정해 보건당국에 신고했으며, 이에 따라 정씨가 보건당국의 방문조사를 받았다고 보도했다.",
이대총장도 날라갔는데 고등학교 출석 고치는 것은 식은죽먹기였겠지...,
부모 교육이 참으로 중요하단걸 느낀다,
깔껄까야지...운동부애들 다 저렇지..특히 학교내에서 힘든 종목 학생선수들은 다 똑같다..하여튼 다 밉보이는구나..ㅋ,
"왜 얼굴은 가리고 ,우숩다 이나라",
"박근혜는 이 지경에도 특유의 개뻔뻔한 얼굴 처들고 괴담 어쩌고 협박하고 미르재단 모금 정당하다고 씨부리다가 바로 몇달 전까지도 모든 걸 블랙홀로 빨아들이는 개헌 논의를 국가 위기 상황에서 국민 생각하면 자기는 입에 못올린다며 야당의원들 폄훼하더니 이제 시간상 되도 않는 개헌을 지꼴리는대로 임기내에 온수하겠다고 사기치고 있다. 빚내서 집사라고 모든 부동산규재 풀어재껴 아파트투기 광풍 일으킨 최경환과 박근혜는 개헌질로 빠져나갈려는가본데 가계부채로 쌓아올린 거품 터지면 감옥으로 보내야한다,",
얼마나 할짓이 없는 신문사이면 이런거나 캐러 다니냐?그런게 청와대 비선 실세가 하는짓이라면 웃으도 될듯.김영삼 아들처럼 돈처먹고 나라 개판 만들고 김대중 아들들처럼 개판치고 노무현 형처럼 나라 엉망으로 만들고 이런게 실세인줄 알았는데 말이야. 딸내미 결석일수 줄여주는게 실세가 하는짓이구만.에구 오줄없는 신문사야.니들이 신문사냐?기자로서 안부끄럽냐?,
131일이면 임신해서 독일간거 맞나보네 ㅋㅋㅋㅋㅋㅋㅋㅋㅋㅋㅋㅋㅋㅋㅋㅋㅋㅋㅋㅋㅋㅋㅋ,
망한나라 맞구만 우리 닭은 아니라고 이만한 나라를 울애비가 만들었다고.ㅋㅋㅋㅋㅋㅋ헬조선 맞잖아. 꼰대세끼들아.,
어떤 여자한테 남자 잘 꼬시는 것도 재주라며 사창가나 가라고 비웃더니 지는 고3때 임신해서 애가 있음? ㅎㅎㅎㅎ,
얘 무슨 양파냐 까도까도 졸라나오네,
처제가 정구부고 고3입니다. 현 주니어국대고요. 저정도 이상이면 이상이지 학교 출석 제대로 못합니다. 기자님아. 운동하는 학생중에 아시안게임나갈정도 수준의 다른 학생들 생활기록과도 비교좀 해주시지. 쯔쯔,
아니 실력도 별로라던데 저딴거 국대시켜서 뭐한다고 승마협회 대기업 청와대 뭐 더있것지.. 여기저기에다 OOO을 하고다녔네 최순실이 박근혜 등에업고 세상 살맛 났겠네.. 그냥 딸이랑 자살하던지 혼자죽기 억울하면 한국와서 자백하고 관련자들 다 끌어내려라..,
최순실 기사는 다 어디가고 ..고딩 결석 기사 밖에 없네,
전국체전끝나고 여행가신듯,
"딸내미 고교시절,대학시절,,문제만 발생했다하면 애미가 학교찾아가 큰소리치고 겁주고 내가 누군줄아느냐,한번 죽어볼래 했구만. 최순실 얼굴한번보자.그입에서 무슨말이 나오는지 듣고싶고...",
여기 개누리 알바 말고 신천지(영생교) 알바 다수 있는 듯...무조건 최순실을 감싸네,
"독일에서 정유라가 18개월짜리 아이와 개 15마리와 고양이 5마리를 승마장 별채에서 같이 키워 불결한 위생 상태 등 아동학대 의심된다고 이웃 주민에 의해 신고 당했다는 보도 나오고 있고 자기 sns에 하늘이 주신 천사가 25주됐다 어쨌다 올려놨다는데 이를 시간으로 역순하면고3때 임신하고 이데 특혜입학하고 3달 있다 출산했다는데..그리고 승마협회장이 삼성전자 사장이고, 삼성전자놈들 명마 정유라한테 사주고 중소기업 모나미 사장 통해 수십억 승마장 사서 바쳤는데 삼성 이것들 포괄적 뇌물지로 처벌해야한다,",
"요즘은 모르겠는데, 운동부들 다들 저정도는 재끼는데?",
"말이 메달 따지, 사람 메달 못딴다.",
자 이제 니 그잘난 부모빽 돈도 권력도 너때매 무너지고 쪽박차는 과정 잘보거라,
"이대 수시모집 요강의 개인종목이란 육상 유도 양궁 레슬링 수영 스키 승마 스케이트 등등등 모든 1개인이 참가하는 경기를 말하는 겁니다 즉, 개인종목 내에 개인전과 단체전이 모두 포함되는 겁니다 따라서 정유라가 승마 아시안게임 단체전 금메달이라는 의미는 개인종목 금메달이란 말과 같은 겁니다 즉, 이대 입학시에 부정이 있었다는 말은 전혀 사실과 다른거죠 선동하지도 선동당하지도 맙시다",
말타는 모습이 딱 내스타일이네 이쁘다 독일 어디에 있니?내가 가마,
헐...진짜 이게 나라인지 모르겠음,
"사회제도와 법이 있으면 뭐하나, 제대로 자정작용을 못하는데, 그리고 저런 막장짓 하면서 주변에 피해보는 사람은 얼마나 많았겠냐? 그리고 공결하려면 얼마나 빡센디, 그걸 저렇게 해? 하긴 예전에 특정인 군대 외박이 왜 이케 많았냐? 하니까, 원래 거긴 그런거다라고 해명. 일반 사병은 외박 한번 나올려면 그냥 나오는지 알지? 이게 나라냐?",
박근혜정부에서 만든 정책 중 하나. 여대생 유가휴학제도0. 오호라 통재라 이제 다 알겠다......,
뭔가 뒷돈샌거 말고도 더 있는듯...할머니랑 애가 있었다는게....그리고 대통령도 조서해봐야할듯. 철저히 조사하라는 지시가 너무 늦게 나왔어..도망갈 시간 충분히 준것같어,
"네이버 이것들 박근혜 시다바리짓 위해 뉴스 편집을 이제 대놓고 여론공작 수준으로 하는데 야당은 청문회 안하고 뭐하냐? kbs, mbc 박근혜 치마빨기 쓰레기짓 못지 않게 꼴갑 떠는 관제포탈 네이버 반드시 응징해야한다.",
부모라는것들이 자식교육을 저따구로 시키고도 얼굴을 들고다녀?,
2-3일 안에 언론에서 추적해 거처 파악 할 듯..도망가 봐야 부처님 손바닥 안에서 ...,
정맣 대한민국 역사의한획을 긋는 사건이 일어났네 고등학교도 결석하고도 출석 처리했다는게 정말 희대의사건이다 철저히 밝혀바라 각종 대화와 다른 선수들과비교 도 정확하게 해보고 학년의반을 결석 했는대도 아무런 문제없이 출석 처리댓다는게 있을수 잇는일인지 이젠 고등학교까지 문제가 드러나네 ㅎㅎ 다음은 중학교인가,
말아 뒷발로 걷어차라 더러운인간이다,
대학교 퇴학처리하고 고등학교부터 애 다시갈켜라,
그야말로 꼴통의 애마부인이네~,
고등학교때도 임신 했나요 ?,
어차피 학교가 기득권식으로 마인드 교정해주는곳인데뭐.. 진짜 기득권이 갈필요 있겠냐. 달그닥 혹,
말에 환장병이 걸렸나...정상적인 생활은 하지도 않고 말만 타고 다니면 삶은 어찌되는겨?? 진자 미스테리 희한한 케릭터네...,
"중,고, 대학의 특기생 [체육, 예는등...]선발서 부터 학사 관리, 왜 선진국처럼 못하나 ..?경제력 11위 OECD회원국이라면서.... 이제 교육도 입학부터 학사관리 등...선진국 수준으로 가야겠다제발 청정교육 대국으로 가야한다.",
그냥 사형시켜..ㅋㅋ,
"정유라에미가 이렇게 컸나보네, 아무리 돈이 많아도 자식 이런식으로 키우면 반드시 내발등 찍는날이 온다",
이건 금수저도 아니네.. 그냥 훔친수저,
지 애미가 다알아서해줬네.......완전전금수저네......지할애비는 총맞아되ㅤㅈㅓㅆ는대.........,
애고 진작 적당한 선에서 끝내지. 이제 오만것까지 다 나온다. 이러다간 유라 이모의 사생활도 다 까발라지겠다.,
"김광규의 명대사가 생각나네요. ""니 아버지 뭐하시노~"" 다른 말로... 애 아빠가 누구야?",
이참에 운동특기생 비롯 연예계 아이돌들 학교 출결사항도 다 까발려 져야한다...! 학적만 유지한채 그림자도 안비치는 것들 모두 잡아내 교육비리를 없애야 한다...! 물론 저년도...,
난 우리 운동부 애덜 3학년때 한두번 본듯한데.....또 선동하시는군요~~,
그래서 박원순 딸은,
대체 이 대가리에 피도 안 마른 지지배를 이렇게 만든 주체가 누구야? 참 가관이겠다....,
사람이 싫다고 무조건 이것저것 다갔다 붙여서 까는것은 머 잘하는것인줄아냐?????ㅋㅋㅋㅋㅋㅋㅋㅋㅋㅋㅋㅋㅋㅋㅋㅋ 문제인과 486대모쟁이들을 중도사람들이 싫어하는 이유가 바로 이런이유때문이지...... 특기생들은 특기교육으로 수업일수가 대처대고 김연아도 그렇다고 하니깐..... 김연아는 진짜훈련했기때문에 괜찮다고 말하는 그런 썩어빠진개념들이 중도들이 486대모쟁이 문재인 한걸레 오마이등등을 싫어하는 이유이지.......,
다른 운동특기생들도 선수생활 하다말고 임신해서 애낳고옵니까? 다른 선수들과는 전~혀 달라요,
틀딱충들이 좋아하는 부패할매 칠푼이ㅋㅋ 어쩜 이렇게 썩어빠졌을까.,
"결석하고 말을 탔는지, 뭘 탔는지... ㅋㅋㅋ",
고등학교 때 부터 싹수가 노란 애가 최순실의 강압에 승마로 인생을 바꿔볼려고 했구만,
우리 무능 부패 근년이 때문에 다음 대선 조졌네 ^^ ㅗ 보수의 적 개근년,
최순실하고 정유라를 비호하는것은 아니지만...... 특기교육받는 학생들은 전부다 저렇게 특기교육으로 수업일수를 대처해준답니다....... 까는것은 좋지만 알고 보고 까야하지않을까요?????...............ㅋㅋㅋㅋㅋㅋ 나중에가서는 그날아침 머먹고 저녁 머먹고 이런것가지고 깔껍니까?????ㅋㅋㅋㅋㅋㅋㅋㅋㅋㅋ,
운동부애들 쟤처럼 131일 결석 하는 애들은 없음ㅋㅋㅋㅋㅋㅋㅋㅋㅋㅋㅋ 대회끝나고 10일 동안 학교안나오는 애들 없음 ㅋㅋㅋㅋㅋㅋㅋㅋㅋㅋㅋ,
내가 제일 좋아하는 영화는 애마부인 애마부인 애마부인 애마부인애마부인 애마부인 애마부인 애마부인애마부인 애마부인 애마부인 애마부인애마부인 애마부인 애마부인 애마부인애마부인 애마부인 애마부인 애마부인애마부인 애마부인 애마부인 애마부인애마부인 애마부인 애마부인 애마부인애마부인 애마부인 애마부인 애마부인애마부인 애마부인 애마부인 애마부인애마부인 애마부인 애마부인 애마부인애마부인 애마부인 애마부인 애마부인애마부인 애마부인 애마부인 애마부인애마부인 애마부인 애마부인 애마부인애마부인 애마부인 애마부인 애마부인애마부인 애마부인 애마부인이다.,
최순실하고 정유라를 비호하는것은 아니지만...... 특기교육받는 학생들은 전부다 저렇게 특기교육으로 수업일수를 대처해준답니다....... 까는것은 좋지만 알고 보고 까야하지않을까요?????,
"◈[RHG®""좀비 헬조선 칠백년]◈:?결론""진정성(眞情性):지진,북핵,태풍보다 더 무서운=인재人災!!?:<彈 劾 政 局>:""이게 다 박그네때문""(CEO=무한책임職)◑개돼지들=휘발류,담배세등 빚더미>로또음주>동반자살中.?국가주적:고위공직=매국율98%:國內테러中""◑최고의 안보,경제=공직자""청렴결백!""?돈판돈검≫배심원제""전면실시""?통일고려≫남북""정신교체""(인간교육=참역사=고려史=고인돌=우리중심)⇔韓國史+한단고기=(중국+조선 좀비)?中國성씨97%(조선창씨개명세습법=성명法+中國 韓+태극기:""전면폐기!""?본래,고려인=인디언 상태.◀참역사 著▶",
세계무역센터 생존자들의 증언과 전문가들의 연구결과를 모은 다큐입니다. 눈과 귀를 의심하게하는 명확한 증거들을 보여줍니다.https://youtu.be/HsALZYzhrxw,
다음 수순은 너무 뻔하다...... 최순실이 죽었다고 기사 쏟아지고 종결짓겠지 ㅋㅋㅋㅋㅋㅋㅋㅋㅋㅋ 어떤 사이비 교주같은놈도 죽은것처럼 위장했었자나,
역대 최악의 샤머니즘 무능정부.. 국회에서 굿판벌이는 동서고금 전무후무한 일이 국회에서 벌어지고 있다 사이비교 광신도닭!!,
운동선수들 특기생들..... 다그런것으로알고 있는데요...... 수업대신에 특기교육 운동시간등등으로 대처되는것이죠......... 저게 불법이라면 특기생들은 어떻하라구????????,
김연아는 거의 일년내내 공결이었을텐데... 한걸레에서 시비 안터는 이유가 뭘까?,
아그가 애를 낳았어여???이런 그 애비는 누구요???사실이라면 엄마가 그러고도 나라일을 하고 계신가?사실이라면 나라가 이모양 요꼴이 된것도 이유가 있겠네여~!!!!!제발 정치인들 끝을 보는것 같네~!!!,
왜 애를 저렇게 키울까? 엄마 인성이나 가치관이 나오네...,
이글쓴 기자 누군지 궁금하네? 딸이 능력이 있어서 금메달 딴게 아니고..단체팀 잘해서 획득했다고 합니다.무심코 보면 능력이 있어서 출석을 안할수 있네..라고 생각할수 있으니깐.. 국민들에게 좀더 자세하게 알려줬으면 합니다.,
말을타더니 남자도 타고 참 가지가지한다,
오늘 국회에 대통령은 어디가고 박근혜보좌관이 개헌을 한다니 만다니 개망발을 하고OOO이야?,
안되는게 없다고 생각하며 살아왔겠지~ 하지만 평생 그렇게 추악하게 쌓아온 모든 것이 낱낱이 까발려지는 것도 한순간이네~ 이제라도 죄값을 달게 받고 죽기전에 딸이랑 둘이 독일가서 조용히 살면서 삶을 돌아볼 수 있으려나?,
최순실 모친 팔순잔치때 박근혜여사도 참석해 노래를 불렀다지...아주 이것들을 그냥,
131일 결석이면 퇴학아니냐?ㅋㅋㅋㅋㅋㅋㅋㅋㅋㅋㅋㅋㅋㅋ,
양파네 양파 이런 무능아가 뇌도 없을가? 궁금하네 돈은 있네 돈은 내 세금 ㅜㅜ,
궁금한게 권력 잇는 사람 앞에서 그사람 욕하면 욕한사람 어떻게 되여?,
말가지고 승마만 했냐 ?,
현재의 대한민국은 천민자본주의의 끝을 보여준다 돈과 권력이 붙어먹고 그걸로 불가능이 없다,
"헉 아니 이건 또 먼가 ,,,,서열1위 바뀜 정유라 아기>정유라>최순실>,,,아기아빠는 어디뇨?????",
진짜 현대판 애마부인이네 ㅋㅋㅋㅋ,
개이버야 이게 왜 '사회'로 분류되냐? '정치'에 가야지...'정치'는 죄다 박근혜 개헌 기사로 도배해 놓고 ㅉㅉㅉㅉ,
진짜 여러가지로 의혹이 많은데 속 시원히 오픈해서 좀 떳떳해 지셨으면 좋겠습니다.국민이 평등하고 공평한세상 저는 그런날이 오기를 지금도 기다립니다..,
그냥... 작... 살 내는게 답입니다.최순실과 그 버...러....지들 해결에 맞는 답은?1. 작...살 2. 박... 살 3. 방사포 공 개 처형 4. 대 국민 돌팔매,
권력있는 분의 딸 대 ~~ 단 합니다!!! 아주 부럽습니다.,
얜 학교 안가고 뭔짓을 하고 돌아다닌겨.. 얘 부모도 어지간히 속 썩었겠네,
학교 안가고 애만들었나부네 ㅠㅠ,
닭근혜를 필두로 하여 두 암탉년들이 아주 나라를 지들 입맛대로 갖고 놀았네.,
"나이도 어린게 참 바쁘게 살았네...말 타랴, 남자 타랴, 학교 댕기랴, SNS질 하랴, 바쁘게 살아서 그런가 한 10살은 더 먹은거 같이 보인다,,,",
정말 막장도 이런 막장이 없군.,
정유라가 이정도면 박정희시대에 발끈해는 오죽했겠냐. 말하는거 봐도 티가 나잖아,
들으면 들을 수록 쓰레기 냄새가 대한민국에 진동을 하는구나. 불쌍한 국민들...,
"현정권의 실세의 딸 맞네, 근데 전국체전 끝나고 10일씩 빠져도 되는거냐? 어이없다",
정유라 친부모가 누구죠?,
초인류 삼성도 이젠 아닌것같다 어떻게 저런애를 삼성소속으로 두었데?,
3류지방대도 저래가지곤 못들어갈텐데 어떻게 일류대 이화여대를 들어갓디아? 저애때문에 이화여대들어갈수있었는데 누가떨어졌대?,
연예인도 학교 겁나빠지는걸로아는데 ㅋㅋㅋ 쓰레기는 쓰레기여,
"1. 1974년, 최태민이라는 영생교 교주 (사이비 종교)가 박근혜에게 접근.2. 최태민과 박근혜와 돈독한 사이 유지 ( 근거: 박지만,박근령이 노태우에게 박근혜가 최태민에게 휘둘린다고 이를 통제해달라며 보낸 편지, 2007년 대선경선 과정에서 친이계 쪽의 증언, 김종필의 ""박근혜는 최태민의 애를 가지고 있다"" 등의 발언 등)3. 박근혜가 최태민에게 빠져 사이비 종교에 매몰 (근거 : 의원 생활 중, 혹은 임기 중 각종 사이비 종교인과의 공식적 만찬, 올해만 해도 국회에서 무당들이 굿판을 벌이기도 함)",
학교안가고 머했는지 이젠 알겠네..고3때 임신이라...,
역대 최고의 애마소녀가 되었구만,
폭주족과 살림살이하다가 예전에는 오토바이 요즘에는 승마로 바꿔탄것뿐임,
운동선수들 대부분 저렇던데... 기레기 아니랄까봐 이젠 별걸 다 가지고 와서 기사화시키네 ㅋㅋㅋㅋㅋㅋㅋㅋ,
저렇게 맘대로 살 수 있는 나라가 우리나라였군. 대부분에게는 헬인데 누군가에게는 천국이었나보네. 얼마나 세상을 만만하게 생각할까? 이게 다 누구 때문일까? 누구긴 생각없이 한표 찍은 사람들 때문이지.,
수치심이 없으면 양심도 없다.,
이 나라 대통령이 뒤바뀐거 같아,
남자타고 있었구만.,
"정말 지저분하다, 어디까지냐...",
마약하느라 바쁘신 분을....!,
정유라 덮으러 한그루 출동했다 ㅎㅎㅎㅎㅎ한그루 실검 1위 ㅋㅋㅋㅋㅋㅋ,
인민재판하네 애 실명까지 다 나오고 ㅉㅉ 박원순 아들은 이빨이 다 썩고 싸구려 아말감으로 떼우고 뼈도 다른 사람건데도 가만 냅두고 좌좀 언론 인민재판하네 ㅉㅉ,
"도대채 순살이가 진짜 대한민국을 꽉 지고 인네 ,, 또 ...느닷엄이 순실이 비서가 개헌인가 먼가 하자고하네 ,, 순실씬 조,,오..켓써요 비서들이 알아서 해ㅤㅈㅝㅅ서 ,, 축카 .....",
"서민들은 최순실 가족을 비롯한 특권층의 이런 행태를 처음 신문매체를 통해 접하니 아연실색하지만, 특권층 각도에서 보면 너무 당연한것으로 지금까지 이렇게 해온것을 뭘 새삼스럽게, 이런 표정일것이다. 자기 현실에 만족하고 분수에 맞게 놀자, 더 이상 바라지도 않는다.",
지 마음대로 하고 살았네..,
이건 사생활 침해다. 이게 청와대하고 무슨 상관있나? 정유라가 학교결석하고 정치개입이라도 했단 말인가?,
우리나라 운동 좀 한다는 애들 다 마찬가지일걸? 수업 제대로 듣는 놈 없음,
까도 까도 계속 나온다. 양파가 따로 없네.....,
"저렇게 학교를 다녔으니 띄어쓰기, 맞춤법 모두 틀리지...",
"할아버지는 영생교 교주, 엄마는 권력형 비리의 샘물, 딸년은 20세에 애까지 수태한 발정난 기집, 제대로 된 콩가루 집안에 제대로 된 3대의 연을 맺은 능력 끝내주네",
썩을년! 누구 말하는지 알지?,
고3때 임신 ㅋㅋㅋㅋ 승마가 아라 임신 출산땜에 학교 못간겨,
집안이 아주 훌륭하시네.,
아직도 늦지않은것같은데 더 키우지말고 몸통께서 스스로 나와 사과하고 책임지시길,
쭈욱 이어서 안간게 아니고 중간중간 안갔구나 그러면 의실할건 없지 않나,
저 얼굴이 20살이라는게....??? 못되도 30대 아줌마로 보이네요.,
요년 어린 나이에 벌써 애마부인 됐네...그 애 아빠가 니가 올라탄 그 숫말이냐?,
그냥 남친이 ㅈㄴ 부럽다 대한민국 실세 남친이라니......세상 다 가진기분일듯,
"1. 1974년, 최태민이라는 영생교 교주 (사이비 종교)가 박근혜에게 접근.2. 최태민과 박근혜와 돈독한 사이 유지 ( 근거: 박지만,박근령이 노태우에게 박근혜가 최태민에게 휘둘린다고 이를 통제해달라며 보낸 편지, 2007년 대선경선 과정에서 친이계 쪽의 증언, 김종필의 ""박근혜는 최태민의 애를 가지고 있다"" 등의 발언 등)3. 박근혜가 최태민에게 빠져 사이비 종교에 매몰 (근거 : 의원 생활 중, 혹은 임기 중 각종 사이비 종교인과의 공식적 만찬, 올해만 해도 국회에서 무당들이 굿판을 벌이기도 함)",
이쯤 되면 국민 아줌이네 이아짐 이름 모르는 국민이 있을까? 일찍이 말타고하더니 남자 배위에 타서 저출산국가에서 애도낳고 이젠 국산 성에 안차서 유럽까지 갔네 이것도 명품사랑인가?,
눈말고 입을 가리지 냄세날거같은데,
학 학 학 학 학교를 안갔어~~~,
가족은 건들지말자....,
"원래 체육특기자의 출석은 운동참가로 대체한다. 미르·K스포츠 재단 의혹의 핵심인물로 지목받는 최순실씨의 전 남편 정윤회씨가 ""(최순실이) 잘못한 부분이 있다면 조사를 해서 바로잡아야 한다""고 밝힌 것으로 22일 전해졌다. 정씨는 전날 채널A 취재진과 만나 최순실씨 의혹과 관련해 ""나하고는 전혀 관계가 없는 일""이라고 말했다. 정씨는 다만 딸인 승마선수 정유라씨의 이화여대 입학 특혜 논란과 관련해서는 ""나도 속상하더라. (딸은) 5살 때부터 열심히 새벽부터 가서 엉덩이에 진물이 나고 그렇게 해서 실력도 인정받은 것""이라고 말했다.",
인생을 정유라처럼 살면 진짜 살맛 날텐데 밥먹고 말타고 노는게 얼마나 행복한 인생이냐 ㅋㅋㅋㅋㅋ,
영화에서보면 전형적인 권력형 인물의 자식들 모습이 딱 저건데 이게 현실에서도 일어나는구나 이제는 얼마나 더 나올지 하루하루가 아주 그냥 끔찍하다. 박근혜대통령은 절친한테 언능애기해서 숨지말고 그만 나오시라고 하세요 그참 뭐가 그리 감싸고 도는지,
"he1,jo,셍 고위층들의 자제분들의 일상이지, 공부안해 , 학교안가 , 방탕한생활 , 풍부한용돈 , 군대면제 , 잘못저질러도 부모가 다 권력과 돈으로 커버해주니 막 살아도 건드는 사람도 없고 인성이 올바른 인간을 찾기가 힘듬",
딸년을 저 따위로 키운 년이나 그런 년에게 통치 후 자금조성을 맡긴 할멈이나 ㅉㅉㅉ.이게 무슨 나라망신인가~~~,
그부모에 그자식 이로구나~,
아오 여왕님 ㅋㅋㅋㅋㅋㅋ,
섹스교(연생교)주이자 닭튀김의 내연남인 할배의 혈통을 이어받은 색스혈통......,
이런 씨레기같은 애들 기사는 그만 봤으면 한다.,
조상님들아.......왜 피흘리며 독립운동하셨나요? 왜 어린나리에 학도병 지원해서 민주주의 지키다 순국하셨나요? 이나라는 반백년만에 썩어버렸는데 그냥 썩은게 아니라 뿌리까지 썩어버렸네요.,
독일에 집 4채 있다면서? 빨리 조사해라!!,
부럽네 ㅋㅋ 인생 편하게 살고~ 드라마에서 나올법한 인생 사셨네~,
인생 참 편하게 사는 애네. 이제야 그 문제의 리포트가 이해가 된다.,
아이는 도대체 언제 낳았냐? 말타면서 아이도 낳으니 신기한 일이로세?,
최순실 같은 비리로 부축적하는 추악한것들 다 찾아내서 재산몰수하고! 안하무인 정유라도 지가 부모탓 하라며 비아냥대던 보통 사람들보다 못하게 살아보라해라! 더러운 돈으로 펑펑 쓰며 살은게 부끄러운지도 모르고... ㅉㅉㅉ 돈이면 다인지 아는 한심한 것들 다 망해라!,
아무리 금수저라고 해도 어째 인생이 막장 오브 막장이냐.... 저게 자식위하는 길이 아닌걸 알아야할텐데...,
"비리가족이구만 ....흠 힘없는 서민들만 죽어 나가는 세상이다,,,돈 없고 ㅤㅃㅒㄱ 없슴 다 죽어야지 머",
학교을 다녀복적이없구만....대학도..거져쳐먹을려구했어?....그지같은게..세금만쳐먹구..양심도없는게,
순실이가 데리고 다니는 아기가 유라애기 맞어요...?,
"19, 20살이니 애마소녀였구나 ㅎㅎㅎ",
얘 아빠 나온거 같아요어린게 꼭 지 누구 닮아서,
이집안은 까면깔수록 계속나오네.. 대박~,
싹수가 팬티까지 노랗게 물든 계집이로군 ㅡ 저런걸 누가 데려가나ㅡ 위안부로 수출도 못하겠군 ㅡ써 먹을곳이 없느니ㅡ 실험용으로 ㅡㅡㅡ포르노 실습용이 딱이구느ㅡ,
학교는 안가고 뭘 했길래 벌써 애까지 낳아 기른다네...ㅋ,
그러니 맞춤법은 제대로 쓰겠나....ㅉㅉㅉ,
인터넷에 얼굴 다돌아다니는데 왜가리징,
여자가 스포츠 경기 심판하면 추악한 스포츠가 됨/,
"원래 체육특기자는 원래 출석은 운동으로 간주한다.미르·K스포츠 재단 의혹의 핵심인물로 지목받는 최순실씨의 전 남편 정윤회씨가 ""(최순실이) 잘못한 부분이 있다면 조사를 해서 바로잡아야 한다""고 밝힌 것으로 22일 전해졌다. 정씨는 전날 채널A 취재진과 만나 최순실씨 의혹과 관련해 ""나하고는 전혀 관계가 없는 일""이라고 말했다. 정씨는 다만 딸인 승마선수 정유라씨의 이화여대 입학 특혜 논란과 관련해서는 ""나도 속상하더라. (딸은) 5살 때부터 열심히 새벽부터 가서 엉덩이에 진물이 나고 그렇게 해서 실력도 인정받은 것""이라고 말했다.",
여자들==잔머리의 왕/ 뒤에서 장난질의 왕/ 특혜의 왕/ 정의감 제로/의협심 제로/,
아기 났단다 그때 십하러 다니느라 바쁘게 살았잖아 봐줘라 많이,
아시안게임도 나오고 해서 면상 다 까발려진 여자인데 대체 모자이크는 왜 해주는거냐 ㅋㅋㅋㅋ,
말탄다고 구라치고 남자타느라고 결석한겨? ㅋㅋㅋ,
진짜 여러가지 한다.. 임신 얘기도 있던데? 참 심심할 새 없는 나라에 사는 걸 감사혀야 하나?,
내 세금으로 말타는데 보태다 생각하니 열받네,
"우리 혈세로 니 말타기 놀이 시켜준 국민이 바보인지, 맞춤법도 모르는 니가 바보인지 알수가 없다..",
막장드라마 만들면 재밌겠네...,
정유라 어디서 인터넷 보고있는ㄴ듯 반대표가 하나씩 ㅋㅋㅋ,
불만은 많은데 누가 용기있게 나서서 죽창꼽을 사람은 없다. 물론 나도마찬가지,
"체육특기자는 결석 많이 해도 된다. 일반이은 공부가 체육특기자는 말 그대로 운동이 주교과다. 축구, 배구, 농구, 등등 다른 특기자도 마찬가지다.",
말만 탄게 아닌가봐. 라이더!!!ㅎ,
"졸업한 고등학교 감사 들어가라~아마 해당 교감, 교장들 긴장할텐데~확 뒤집어야 다시는 저런 특헤 안나온다...해당학교 감사해서 문책해라!!!!!!!!!!!!!!!!!!!!!!!!!",
정유라 열외의식 쩌네 ㅋㅋ 최종학력 중졸로 고고씽~,
너무 웃긴다. 세상을 속여서 번돈을 능력인줄 알고 쓰면서 개명하고 숨어서 누구 아이인지 애도 키우면서 개고양이 20마리에 말도 5마리 데리고 조심조심 잠잠할때까지 숨어있을라면 아주 조심해라. 세상이 생각보다 좁다. 보는 눈도 많고. 한동안 한국음식점 출입은 힘들테니 To Go를 많이 허겠구만. 음식이 식으면 맛없으니까 차에서 허겁지겁 먹으면 체헐텐데,
금메달도 조작가는성조사해봐라 백퍼이다.,
"뭐,,공결이라고 ..대한민국 운동하는 얘들.....놀랄일도 아니지만....어떻게 학교에 사전통보도 없이....지 마음대로 공결?어린것이..이때부터도 아주 4가지가 없엇구나.....본인은 그렇다고쳐도....똑똑한 정/최 부모는 도데체 뭔생각으로 사는거여.....",
"스토리는 드라마인데, 현실이네.",
저 어린 계집과 붙어 애 낳은 놈은 뉘여??? 갑자기 궁금해지네~~~,
뭐라고? 장난해? 우와.. 이런 천하에 망할 여자가 다있나? 그네언니.. 고마해라.. 다 해드셨지 않은가?,
윗대가리들은 지들끼리 밀고당기고 다해먹는구만. 진짜 총이 필요하다,
"싹수가 노랗다못해 누~렇구먼,저런년을 정 재계에서 앞다투어 후원을 했으니 나라가 제대로 돌아 가겠나,,삼성도 특검에 포함시켜 제대로 잡으시소.",
보통 치마 바람이 아니구만.,
막장민국 무법천지..,
고딩 때 애를 가졌으면. 이성에 아주 눈을 빨리 떴나봐?,
무슨양파여? 계속 까지내ㅋㅋ,
쟤 독일 갈때 한살배기까지 데리고 나갔다고 오늘 모 신문이 보도했다...아주 갈수록 점입가경이다..,
"최순실, 정유라? 이것들은 뭔가? 미꾸라지마냥 뺀질거리고,,,모두잡아다가 엄중처벌해야 마땅하다! 박통은 더이상 믿지말고 결단하라! 처단하라!!!",
대한민국에 금수저의 표본이다.....ㅋㅋ 재벌가도 저렇게 키우지는 않는데....완전 부럽다.돈도 많고 권력도 쥐고 있으면 애들도 저렇게 버르장머리 없게 키우는 구나....ㅉㅉ 그래도 교육은 시켰어야지 학교도 보내고....그리고 양심이 있어야지 저런 뇌수준으로 이화여대를 들어갈 생각을 했지..ㅋㅋ 지방에 미달되는 대학교 체육특기생이면 그래도 이정도로 사회적 파장이 크지는 않았을 텐데.....신께서 돈주고 권력까지 줬지만 뇌는 안좋구나...ㅉㅉ,
고딩때 저정도면 중학교라고 제대로 다ㅤㄴㅕㅅ겟나....초딩 대가리 수준일듯....,
혹시 대통령 딸 아니냐?,
슬픈현실이네요. 돈이 라면 무엇이든 되도록 만들어버린 권력에 하수인들이 정말 이땅에서 올바른 교육을 하려고 열심히 하는사람까지 욕먹이고 있다는 생각에 가슴이 먹먹해지네요 어른들이 올바르고 아이들에개 올바른 교육을 하는 것이 아닌가요 부끄러운 대한민국의 민낮이네요,
저때 하라는 공분 안하고 ㅤㅃㅘㅤ...구...리... 만 틀 었다는 거네...........,
레포트 맞춤법이 그러했던게 다 설명이 되네.. 어디가서 고등학교 나왔다고 하지도 말아야겠다.,
광신도 대통령때문에 나라꼴이 말이아니구만,
어딘가에서 애를 키우고 있을 너에게~~~,
고등학교도 제대로 안다녀...대학도 제대로 안다녀...그럼 문화나 지식 수준은 중졸로 봐야 되나??,
학교를 안 갔어...,
그냥 저 사람들도 그렇고 국민들도 안됐다... 서로가 서로를 악하게 하고있어,
조센징 노비 백만을 거느리고 사냥을 즐겼던 고려밀 친원파 권문세족들...여전히 헬조선 노비들을 시중들게하고 승마놀이에 여념없는 친일파후손들...그때나 지금이나 조센징들은 역시 미개해~,
"대회기간과 합숙기간은 공결처리할수 있다지만, 설명할수 없는 다른 수많은 날들은 그냥 결석처리해야 한다. 그리고 사실 이런건 ""안봐도 비디오다"".",
까도 까도 계속나오네. 그냥 없어질때꺼지 까러. 박근혜와 그 친구들 참 답이 없음. 그리고 박근혜는 이런 국민의 소리를 못듣는것도 참 답답함,
말을 타고 있긴 있었네,
학교를 저렇게 결근했다는건 바로.........머리에 돌만들어있다는뜻,
쓰레기같은 상습범이구만 이거,
애아빠를 찾으면 일일 술술 풀리겠지?,
햐 이래야 hell조선..아니 대hell민국답지^^끝이 없다 정말,
아이 아버지부터 찾아야 할텐디.......,
애 낳으러 독일 갔나부지...발랑당. 헐러덩,